Company,Country,Website,Industry,Employees,Evidence,Source,URL,Priority
Microsoft Navision,FR,,,,Hiring: Microsoft Navision - Développez pour l'ERP - Librairie … - Maurice Lumbroso fut Directeur Financier dans différentes entreprises pendant …,job_posting_scrape,https://www.eyrolles.com/Informatique/Livre/microsoft-navision-developpez-pour-l-erp-9782746038141/,HOT - Active Hiring
RC LENS | Prodware Maroc | Editeur,FR,,,,"Hiring: RC LENS | Prodware Maroc | Editeur - Intégrateur de … - Gilles Deshayes – Directeur Financier du Racing Club de Lens : « Nous avions la version 2000 de NAVision. Avec les nouvelles normes bancaires SEPA, nous …",job_posting_scrape,https://www.prodwaregroup.com/fr-ma/temoignages/rc-lens/,HOT - Active Hiring
Dominic VLIEGHE (Top Bronne SA),FR,,,,"Hiring: Dominic VLIEGHE (Top Bronne SA) - Viadeo - Assister à la création d'une analyse qui sera la base pour une offre de la part de trois partenaires"" Navision ERP"". Aide dans la mise en place et testing du nouveau système.",job_posting_scrape,https://viadeo.journaldunet.com/p/dominic-vlieghe-4458474,HOT - Active Hiring
Docplayer Dk,DK,docplayer.dk,,,Case study: Vejledning i årsafslutning 2014 iNavisionStat Selvejer-udgave,global_jobs,https://docplayer.dk/1427184-Vejledning-i-aarsafslutning-2014-i-navision-stat-selvejer-udgave.html,HOT - Active Hiring
Ugma Com Mx,CL,ugma.com.mx,,,Case study: ¿Qué es Microsoft Dynamics NAV y por qué tuempresa…,global_jobs,https://ugma.com.mx/que-es-microsoft-dynamics-nav-y-por-que-tu-empresa-lo-necesita/,HOT - Active Hiring
Elian Solutions Com,BE,elian-solutions.com,,,Case study: Productonstudycase- Elian Solutions -NavisionNAV …,global_jobs,https://www.elian-solutions.com/references/case-studies/producton-study-case/,HOT - Active Hiring
Amazon De,DE,amazon.de,,,Case study: Ein praxisorientierter Einstieg in MicrosoftNavision: Eine ...,global_jobs,https://www.amazon.de/praxisorientierter-Einstieg-Microsoft-Navision-Hochschularbeit/dp/3639113284,HOT - Active Hiring
Casodeéxito – Distribución (Navision),AR,olivia.es,,,Case study: Casodeéxito – Distribución (Navision) - olivia.es,global_jobs,https://olivia.es/case-studie/caso-de-exito-distribucion-navision/,HOT - Active Hiring
PeritajedeNavision. Otrocasodeéxito.,AR,peritajes-peritos.es,,,Case study: PeritajedeNavision. Otrocasodeéxito. - Peritajes & Peritos,global_jobs,https://peritajes-peritos.es/articulos/articulo-peritaje-peritaje-de-navision-otro-caso-de-xito-/,HOT - Active Hiring
Insightdata Be,BE,insightdata.be,,,Case study: Navision- insightdata.be,global_jobs,https://www.insightdata.be/en/integrations/navision-financial-and-operational-reporting,HOT - Active Hiring
Canadacompanyregistry Com,CA,canadacompanyregistry.com,,,Case study: NAVISIONCANADAINC. |CanadaCorporation Directory,global_jobs,https://www.canadacompanyregistry.com/companies/navision-canada-inc/,HOT - Active Hiring
MicrosoftNavisionin Brazil's ERP Market | PDF,BR,scribd.com,,,Case study: MicrosoftNavisionin Brazil's ERP Market | PDF - Scribd,global_jobs,https://www.scribd.com/document/109895703/net-curitiba-20121013-145115,HOT - Active Hiring
E-commerce voor MicrosoftDynamicsNAV(Navision),BE,dynamicweb.nl,,,Case study: E-commerce voor MicrosoftDynamicsNAV(Navision) - DynamicWeb,global_jobs,https://dynamicweb.nl/oplossingen/ecommerce-voor-dynamics-nav,HOT - Active Hiring
Advancesoluciones Com,CO,advancesoluciones.com,,,Case study: Software ERP Microsoft Dynamics NAV (Navision),global_jobs,https://www.advancesoluciones.com/soluciones-digitales/erp/navision/,HOT - Active Hiring
Website koppelen aan MicrosoftDynamicsNavision,BE,idcreation.be,,,Case study: Website koppelen aan MicrosoftDynamicsNavision - IDcreation,global_jobs,https://www.idcreation.be/nl/website-koppelen-microsoft-dynamics-navision,HOT - Active Hiring
Dynamicssquare Com,CL,dynamicssquare.com,,,Case study: What is Microsoft Dynamics NAV?,global_jobs,https://www.dynamicssquare.com/blog/everything-know-about-microsoft-dynamics-nav/,HOT - Active Hiring
Dynamicsfanatics Com,CL,dynamicsfanatics.com,,,Case study: MicrosoftNavisionEnd of Life: What Your Business Should Do Next,global_jobs,https://www.dynamicsfanatics.com/post/microsoft-navision-end-of-life-what-it-means-for-your-business-next-steps,HOT - Active Hiring
Dynamics NAV Versions List,DK,navisionplanet.com,,,Case study: Dynamics NAV Versions List - Navision Planet,global_jobs,https://www.navisionplanet.com/dynamics-nav-versions-list/,HOT - Active Hiring
DynamicsNav( Navision ) leverandører,DK,dynamicsmagento.dk,,,Case study: DynamicsNav( Navision ) leverandører - DynamicsMagento,global_jobs,https://www.dynamicsmagento.dk/dynamics-navision-leverandoerer/,HOT - Active Hiring
Profikurs Microsoft Dynamics NAV: Einführung,DE,link.springer.com,,,Case study: Profikurs Microsoft Dynamics NAV: Einführung - Springer,global_jobs,https://link.springer.com/book/10.1007/978-3-8348-9535-6,HOT - Active Hiring
Dynamics NAV,DK,visiondata.dk,,,Case study: Dynamics NAV - Microsofts ERP løsning - Vision Data,global_jobs,https://visiondata.dk/produkter/dynamics-nav.html,HOT - Active Hiring
Dynamics Connect Co Uk,CO,dynamics-connect.co.uk,,,Case study: What is MicrosoftNavision? Dynamics Nav Explained,global_jobs,https://dynamics-connect.co.uk/Blog/what-is-microsoft-navision-dynamics-nav-explained,HOT - Active Hiring
Kube Systems,CO,kube.systems,,,Case study: NavisionERP: Evolución y Transformación Digital 2026,global_jobs,https://kube.systems/navision-erp/,HOT - Active Hiring
MicrosoftDynamicsNav- CONSULTORÍA NAVISION,CL,consultorianavision.com,,,Case study: MicrosoftDynamicsNav- CONSULTORÍA NAVISION - EVOTEC,global_jobs,https://www.consultorianavision.com/,HOT - Active Hiring
Empresas que utilizanDynamicsNavision,CL,formatalent.com,,,Case study: Empresas que utilizanDynamicsNavision - Formatalent,global_jobs,https://formatalent.com/empresas-que-utilizan-dynamics-navision/,HOT - Active Hiring
Consultorianavision Com,CL,consultorianavision.com,,,Case study: MicrosoftDynamicsNav- CONSULTORÍA NAVISION,global_jobs,https://www.consultorianavision.com/,HOT - Active Hiring
Workcentrix De,DE,workcentrix.de,,,Case study: MicrosoftNavision– workcentrix,global_jobs,https://workcentrix.de/blog/navision,HOT - Active Hiring
Prodwaregroup Com,DE,prodwaregroup.com,,,Case study: Microsoft Dynamics NAV (Navision) | ERP Lösung für den …,global_jobs,https://www.prodwaregroup.com/de-de/loesungen/microsoft-erp-crm-loesungen/microsoft-dynamics-nav/,HOT - Active Hiring
Go Erp Eu,CL,go-erp.eu,,,Case study: The 7 Core Capabilities of MicrosoftNavision(Dynamics NAV),global_jobs,https://go-erp.eu/what-is-microsoft-navision-an-overview/,HOT - Active Hiring
Dynamicssmartz Com,CL,dynamicssmartz.com,,,Case study: Everything You Need to Know About Microsoft Dynamics NAV in 2026,global_jobs,https://www.dynamicssmartz.com/blog/microsoft-dynamics-nav/,HOT - Active Hiring
Dynamics Connect Co Uk,CL,dynamics-connect.co.uk,,,Case study: What is MicrosoftNavision? Dynamics Nav Explained,global_jobs,https://dynamics-connect.co.uk/Blog/what-is-microsoft-navision-dynamics-nav-explained,HOT - Active Hiring
Kynection Com Au,AU,kynection.com.au,,,Case study: MicrosoftNavision| Kynection | Knowledge in Motion,global_jobs,https://www.kynection.com.au/partner/microsoft-navision-integration/,HOT - Active Hiring
Navision| TCServi,CO,tcservi.com,,,Case study: Navision| TCServi - Microsoft Official Partner,global_jobs,https://tcservi.com/navision/,HOT - Active Hiring
Insightsoftware Com,CO,insightsoftware.com,,,Case study: Microsoft Dynamics NAV | insightsoftware,global_jobs,https://insightsoftware.com/es/solutions/microsoft-dynamics-nav/,HOT - Active Hiring
Endeavor4Solutions Com,CA,endeavor4solutions.com,,,Case study: Microsoft Dynamics NAV Training — Endeavor4 -Canada& USA,global_jobs,https://www.endeavor4solutions.com/nav/nav-training/,HOT - Active Hiring
Microsoft Navision End-of-Life Explained,CO,priority-software.com,,,Case study: Microsoft Navision End-of-Life Explained - Priority Software,global_jobs,https://www.priority-software.com/blog/microsoft-navision-end-of-life/,HOT - Active Hiring
MicrosoftDynamicsNavNavisionArgentinaUruguay,AR,voxa.info,,,Case study: MicrosoftDynamicsNavNavisionArgentinaUruguay - Soluciones ...,global_jobs,http://www.voxa.info/index.php,HOT - Active Hiring
Help Factorialhr Com,BR,help.factorialhr.com,,,Case study: Integração com o Microsoft Dynamics NAV (NavisionOn-Premise),global_jobs,https://help.factorialhr.com/pt_PT/integracoes-marketplace/factorial-%E2%80%93-microsoft-dynamics-nav-integration-navision-on-premise,HOT - Active Hiring
Companies that useNavisioninAustralia(175),AU,theirstack.com,,,Case study: Companies that useNavisioninAustralia(175) - TheirStack.com,global_jobs,https://theirstack.com/en/technology/navision/au,HOT - Active Hiring
DynamicsNAV& Navision,AU,fenwick.com.au,,,Case study: DynamicsNAV& Navision - Fenwick Software,global_jobs,http://www.fenwick.com.au/solutions/dynamics-nav/,HOT - Active Hiring
HowNavisionCracked the North American Market,CA,tbkconsult.com,,,Case study: HowNavisionCracked the North American Market - TBK Consult,global_jobs,https://tbkconsult.com/how-navision-cracked-the-north-american-market/,HOT - Active Hiring
MicrosoftDynamicsNavNavision ERP Integratie,BE,eozys.be,,,Case study: MicrosoftDynamicsNavNavision ERP Integratie - Eozys,global_jobs,http://www.eozys.be/index.php?page=wie-zijn-wij,HOT - Active Hiring
Nexovadynamics Ch,DE,nexovadynamics.ch,,,Case study: MicrosoftNavision: Das ERP-System und warum Upgraden?,global_jobs,https://www.nexovadynamics.ch/microsoft-navision-erp/,HOT - Active Hiring
Bss Bln De,DE,bss-bln.de,,,Case study: Dynamics NAV Software für den Mittelstand,global_jobs,https://www.bss-bln.de/software/business-central/nav/,HOT - Active Hiring
E Conomic Dk,DK,e-conomic.dk,,,Case study: Skift fraNavisionregnskabsprogram til e-conomic,global_jobs,https://www.e-conomic.dk/apps-og-udvidelser/navision-konvertering,HOT - Active Hiring
Encyclopedia Pub,DK,encyclopedia.pub,,,Case study: Microsoft Dynamics NAV | Encyclopedia MDPI,global_jobs,https://encyclopedia.pub/entry/30329,HOT - Active Hiring
Community Dynamics Com,DK,community.dynamics.com,,,Case study: The journey of Microsoft Dynamics NAV | PCPlus to MADEIRA,global_jobs,https://community.dynamics.com/blogs/post/?postid=cb8f6e77-27d5-45df-9712-d7bab3d48eb0,HOT - Active Hiring
Dynamics Connect Co Uk,CA,dynamics-connect.co.uk,,,Case study: What is MicrosoftNavision? Dynamics Nav Explained,global_jobs,https://dynamics-connect.co.uk/Blog/what-is-microsoft-navision-dynamics-nav-explained,HOT - Active Hiring
Dynamics Connect Co Uk,DE,dynamics-connect.co.uk,,,Case study: What is MicrosoftNavision? Dynamics Nav Explained,global_jobs,https://dynamics-connect.co.uk/Blog/what-is-microsoft-navision-dynamics-nav-explained,HOT - Active Hiring
Dynamics Connect Co Uk,BE,dynamics-connect.co.uk,,,Case study: What is MicrosoftNavision? Dynamics Nav Explained,global_jobs,https://dynamics-connect.co.uk/Blog/what-is-microsoft-navision-dynamics-nav-explained,HOT - Active Hiring
Naviators Dk,DK,naviators.dk,,,Case study: Implementering og rådgivning af løsninger baseret på Dynamics NAV,global_jobs,https://naviators.dk/,HOT - Active Hiring
Empresadois Com Br,BR,empresadois.com.br,,,Case study: NavisionDoBrasilLtda Cnpj 04642619000150,global_jobs,https://empresadois.com.br/cnpj/navision-do-brasil-ltda-04642619000150,HOT - Active Hiring
Guiadocnpj Com Br,BR,guiadocnpj.com.br,,,Case study: ☑ CNPJ daNAVISIONDOBRASILLTDA é 04.642.6 ...,global_jobs,https://guiadocnpj.com.br/sp/sao-paulo/navision-do-brasil-ltda/04642619000150,HOT - Active Hiring
Dynamics Connect Co Uk,BR,dynamics-connect.co.uk,,,Case study: What is MicrosoftNavision? Dynamics Nav Explained,global_jobs,https://dynamics-connect.co.uk/Blog/what-is-microsoft-navision-dynamics-nav-explained,HOT - Active Hiring
Dynamicssmartz Com,AU,dynamicssmartz.com,,,Case study: Everything You Need to Know About Microsoft Dynamics NAV in 2026,global_jobs,https://www.dynamicssmartz.com/blog/microsoft-dynamics-nav/,HOT - Active Hiring
Dynamics Connect Co Uk,AU,dynamics-connect.co.uk,,,Case study: What is MicrosoftNavision? Dynamics Nav Explained,global_jobs,https://dynamics-connect.co.uk/Blog/what-is-microsoft-navision-dynamics-nav-explained,HOT - Active Hiring
Consultorianavision Com,CO,consultorianavision.com,,,Case study: MicrosoftDynamicsNav- CONSULTORÍA NAVISION,global_jobs,https://www.consultorianavision.com/,HOT - Active Hiring
Dynamicssquare Ca,CA,dynamicssquare.ca,,,Case study: MicrosoftDynamicsNAV(Navision) Support Partner,global_jobs,https://www.dynamicssquare.ca/solutions/microsoft-dynamics-nav/,HOT - Active Hiring
Abakion Com,DK,abakion.com,,,Case study: ContactAbakionabout Microsoft Dynamics NAV and 365,global_jobs,https://abakion.com/contact/,HOT - Active Hiring
Axial Erp Co,CO,axial-erp.co,,,Case study: MicrosoftNavisiono Microsoft Dynamics NAV: Una solución ERP para …,global_jobs,https://axial-erp.co/erp/microsoft-navision-o-microsoft-dynamics-nav-una-solucion-erp-para-la-gestion-empresarial/,HOT - Active Hiring
Sterling Team Com,CO,sterling-team.com,,,Case study: What is MicrosoftNavisionERP? An In-Depth Look at Dynamics NAV,global_jobs,https://www.sterling-team.com/news/en/what-is-microsoft-navision-erp-an-in-depth-look-at-dynamics-nav/,HOT - Active Hiring
Go Erp Eu,CO,go-erp.eu,,,Case study: The 7 Core Capabilities of MicrosoftNavision(Dynamics NAV),global_jobs,https://go-erp.eu/what-is-microsoft-navision-an-overview/,HOT - Active Hiring
Sterling Team Com,AU,sterling-team.com,,,Case study: What is MicrosoftNavisionERP? An In-Depth Look at Dynamics NAV,global_jobs,https://www.sterling-team.com/news/en/what-is-microsoft-navision-erp-an-in-depth-look-at-dynamics-nav/,HOT - Active Hiring
Dynamicssquare Com,AU,dynamicssquare.com,,,Case study: What is Microsoft Dynamics NAV?,global_jobs,https://www.dynamicssquare.com/blog/everything-know-about-microsoft-dynamics-nav/,HOT - Active Hiring
Go Erp Eu,AU,go-erp.eu,,,Case study: The 7 Core Capabilities of MicrosoftNavision(Dynamics NAV),global_jobs,https://go-erp.eu/what-is-microsoft-navision-an-overview/,HOT - Active Hiring
Dynamicsfanatics Com,AU,dynamicsfanatics.com,,,Case study: MicrosoftNavisionEnd of Life: What Your Business Should Do Next,global_jobs,https://www.dynamicsfanatics.com/post/microsoft-navision-end-of-life-what-it-means-for-your-business-next-steps,HOT - Active Hiring
Sterling Team Com,CA,sterling-team.com,,,Case study: What is MicrosoftNavisionERP? An In-Depth Look at Dynamics NAV,global_jobs,https://www.sterling-team.com/news/en/what-is-microsoft-navision-erp-an-in-depth-look-at-dynamics-nav/,HOT - Active Hiring
Sterling Team Com,BE,sterling-team.com,,,Case study: What is MicrosoftNavisionERP? An In-Depth Look at Dynamics NAV,global_jobs,https://www.sterling-team.com/news/en/what-is-microsoft-navision-erp-an-in-depth-look-at-dynamics-nav/,HOT - Active Hiring
Sterling Team Com,AR,sterling-team.com,,,Case study: What is MicrosoftNavisionERP? An In-Depth Look at Dynamics NAV,global_jobs,https://www.sterling-team.com/news/en/what-is-microsoft-navision-erp-an-in-depth-look-at-dynamics-nav/,HOT - Active Hiring
Sterling Team Com,DE,sterling-team.com,,,Case study: What is MicrosoftNavisionERP? An In-Depth Look at Dynamics NAV,global_jobs,https://www.sterling-team.com/news/en/what-is-microsoft-navision-erp-an-in-depth-look-at-dynamics-nav/,HOT - Active Hiring
MicrosoftDynamicsNAV/ Navision,BE,alistar.net,,,Case study: MicrosoftDynamicsNAV/ Navision - Alistar,global_jobs,https://alistar.net/nl/erp/technologie/microsoft-dynamics-365-navision/,HOT - Active Hiring
Dynamics Connect Co Uk,AR,dynamics-connect.co.uk,,,Case study: What is MicrosoftNavision? Dynamics Nav Explained,global_jobs,https://dynamics-connect.co.uk/Blog/what-is-microsoft-navision-dynamics-nav-explained,HOT - Active Hiring
Planningpme Pt,BR,planningpme.pt,,,Case study: Explore o mundo do Navision e doDynamics365: Um …,global_jobs,https://www.planningpme.pt/navision-dynamics-365-on-premise-cloud.htm,HOT - Active Hiring
Logosconsult Dk,DK,logosconsult.dk,,,Case study: Support og vedligehold afBusinessCentral& Navision-systemer,global_jobs,https://logosconsult.dk/kompetencer/support-og-vedligehold/,HOT - Active Hiring
Navision¿qué es? | Microsoft Dynamics NAV,AR,ceieu.com,,,Case study: Navision¿qué es? | Microsoft Dynamics NAV - CEI Europe,global_jobs,https://www.ceieu.com/programa-software-erp/que-es-navision/,HOT - Active Hiring
NAVISIONDOBRASILLTDA,BR,infoinvest.com.br,,,Case study: NAVISIONDOBRASILLTDA - SP - INFOinvest,global_jobs,https://www.infoinvest.com.br/consulta-empresa/04642619000150-navision-do-brasil-ltda,HOT - Active Hiring
NAVISIONTECNOLOGIA LTDA,BR,brasilcnpj.net,,,Case study: NAVISIONTECNOLOGIA LTDA - CNPJ: 59.993.070/0001-30 -BrasilCNPJ,global_jobs,https://brasilcnpj.net/cnpj/navision-tecnologia-ltda-59993070000130,HOT - Active Hiring
Leyesytecnologia Com,CO,leyesytecnologia.com,,,Case study: PeritajedeNavision. Otrocasodeéxito. • Leyes y …,global_jobs,https://leyesytecnologia.com/peritaje-de-navision-otro-caso-de-exito/,HOT - Active Hiring
Casestudies Com,CA,casestudies.com,,,Case study: Altus DynamicsCaseStudy: Avon Maitland District School Board – …,global_jobs,https://www.casestudies.com/company/altus-dynamics/case-study/avon-maitland-district-school-board-selects-microsoft-navision-and-altus-dynamics,HOT - Active Hiring
Ascendit Dk,DK,ascendit.dk,,,Case study: Dynamics NAV & BC | Ascendit,global_jobs,https://www.ascendit.dk/dynamics-365-bc,HOT - Active Hiring
NAVISIONSOFTWARE BELGIE N.V.,BE,dvo.be,,,Case study: NAVISIONSOFTWARE BELGIE N.V. - dvo.be,global_jobs,https://www.dvo.be/artikel/2169-navision-software-belgie-nv,HOT - Active Hiring
Dynamics NAV ofNavisionexperts worden schaars,BE,alistar.net,,,Case study: Dynamics NAV ofNavisionexperts worden schaars - Alistar,global_jobs,https://alistar.net/nl/blog/dynamics-nav-navision-experts-worden-schaars/,HOT - Active Hiring
Casestudies Com,AU,casestudies.com,,,Case study: Altus DynamicsCaseStudy: Avon Maitland District School Board – …,global_jobs,https://www.casestudies.com/company/altus-dynamics/case-study/avon-maitland-district-school-board-selects-microsoft-navision-and-altus-dynamics,HOT - Active Hiring
Dynamics NAV Support,AU,ebs.com.au,,,Case study: Dynamics NAV Support - Evolution Business Systems,global_jobs,https://ebs.com.au/dynamics-nav,HOT - Active Hiring
Dynamicssquare Com,BE,dynamicssquare.com,,,Case study: What is Microsoft Dynamics NAV?,global_jobs,https://www.dynamicssquare.com/blog/everything-know-about-microsoft-dynamics-nav/,HOT - Active Hiring
Go Erp Eu,BE,go-erp.eu,,,Case study: The 7 Core Capabilities of MicrosoftNavision(Dynamics NAV),global_jobs,https://go-erp.eu/what-is-microsoft-navision-an-overview/,HOT - Active Hiring
Dynamicsfanatics Com,BE,dynamicsfanatics.com,,,Case study: MicrosoftNavisionEnd of Life: What Your Business Should Do Next,global_jobs,https://www.dynamicsfanatics.com/post/microsoft-navision-end-of-life-what-it-means-for-your-business-next-steps,HOT - Active Hiring
Dynamicssmartz Com,BE,dynamicssmartz.com,,,Case study: Everything You Need to Know About Microsoft Dynamics NAV in 2026,global_jobs,https://www.dynamicssmartz.com/blog/microsoft-dynamics-nav/,HOT - Active Hiring
Dynamicssquare Com,AR,dynamicssquare.com,,,Case study: What is Microsoft Dynamics NAV?,global_jobs,https://www.dynamicssquare.com/blog/everything-know-about-microsoft-dynamics-nav/,HOT - Active Hiring
Go Erp Eu,AR,go-erp.eu,,,Case study: The 7 Core Capabilities of MicrosoftNavision(Dynamics NAV),global_jobs,https://go-erp.eu/what-is-microsoft-navision-an-overview/,HOT - Active Hiring
Dynamicsfanatics Com,AR,dynamicsfanatics.com,,,Case study: MicrosoftNavisionEnd of Life: What Your Business Should Do Next,global_jobs,https://www.dynamicsfanatics.com/post/microsoft-navision-end-of-life-what-it-means-for-your-business-next-steps,HOT - Active Hiring
Dynamicssmartz Com,AR,dynamicssmartz.com,,,Case study: Everything You Need to Know About Microsoft Dynamics NAV in 2026,global_jobs,https://www.dynamicssmartz.com/blog/microsoft-dynamics-nav/,HOT - Active Hiring
Casosdeéxito,AR,aitana.es,,,"Case study: Casosdeéxito - Historias realesdeclientesdeDynamics NAV, …",global_jobs,https://www.aitana.es/caso-de-exito/,HOT - Active Hiring
Dynamicssquare Com,DK,dynamicssquare.com,,,Case study: What is Microsoft Dynamics NAV?,global_jobs,https://www.dynamicssquare.com/blog/everything-know-about-microsoft-dynamics-nav/,HOT - Active Hiring
Navhelp110 Fenwickcloud Com Au,DK,navhelp110.fenwickcloud.com.au,,,Case study: C/AL Conditional Statements -MicrosoftDynamicsNAV2018 Australia,global_jobs,https://navhelp110.fenwickcloud.com.au/main.aspx?lang=en&content=conCALConditionalStatements.htm,HOT - Active Hiring
MicrosoftDynamicsNav- CONSULTORÍA NAVISION,AR,consultorianavision.com,,,Case study: MicrosoftDynamicsNav- CONSULTORÍA NAVISION - EVOTEC,global_jobs,https://www.consultorianavision.com/,HOT - Active Hiring
Dynamicsfanatics Com,DK,dynamicsfanatics.com,,,Case study: MicrosoftNavisionEnd of Life: What Your Business Should Do Next,global_jobs,https://www.dynamicsfanatics.com/post/microsoft-navision-end-of-life-what-it-means-for-your-business-next-steps,HOT - Active Hiring
Dynamicssmartz Com,DK,dynamicssmartz.com,,,Case study: Everything You Need to Know About Microsoft Dynamics NAV in 2026,global_jobs,https://www.dynamicssmartz.com/blog/microsoft-dynamics-nav/,HOT - Active Hiring
Exceliaconsulting Com,AR,exceliaconsulting.com,,,Case study: MicrosoftDynamicsNAV| exceliaconsulting,global_jobs,https://www.exceliaconsulting.com/erp-navision,HOT - Active Hiring
Consultorianavision Com,AR,consultorianavision.com,,,Case study: MicrosoftDynamicsNav- CONSULTORÍA NAVISION,global_jobs,https://www.consultorianavision.com/,HOT - Active Hiring
The future of the Dynamics NAV brand,AU,fenwick.com.au,,,Case study: The future of the Dynamics NAV brand - Fenwick,global_jobs,https://www.fenwick.com.au/solutions/dynamics-nav/,HOT - Active Hiring
Dynamicssquare Com,DE,dynamicssquare.com,,,Case study: What is Microsoft Dynamics NAV?,global_jobs,https://www.dynamicssquare.com/blog/everything-know-about-microsoft-dynamics-nav/,HOT - Active Hiring
Go Erp Eu,DE,go-erp.eu,,,Case study: The 7 Core Capabilities of MicrosoftNavision(Dynamics NAV),global_jobs,https://go-erp.eu/what-is-microsoft-navision-an-overview/,HOT - Active Hiring
Dynamicsfanatics Com,DE,dynamicsfanatics.com,,,Case study: MicrosoftNavisionEnd of Life: What Your Business Should Do Next,global_jobs,https://www.dynamicsfanatics.com/post/microsoft-navision-end-of-life-what-it-means-for-your-business-next-steps,HOT - Active Hiring
Dynamicssmartz Com,DE,dynamicssmartz.com,,,Case study: Everything You Need to Know About Microsoft Dynamics NAV in 2026,global_jobs,https://www.dynamicssmartz.com/blog/microsoft-dynamics-nav/,HOT - Active Hiring
ein praxisorientierter einstieg in microsoftnavision...,DE,abebooks.de,,,Case study: ein praxisorientierter einstieg in microsoftnavision... - AbeBooks,global_jobs,https://www.abebooks.de/buch-suchen/titel/ein-praxisorientierter-einstieg-in-microsoft-navision/buch/,HOT - Active Hiring
Inria Hal Science,DK,inria.hal.science,,,Case study: The Story ofNavisionandNavisionStat,global_jobs,https://inria.hal.science/hal-01301402v1/document,HOT - Active Hiring
Leyesytecnologia Com,CL,leyesytecnologia.com,,,Case study: PeritajedeNavision- Claves del éxito desde ambos lados …,global_jobs,https://leyesytecnologia.com/peritaje-de-navision/,HOT - Active Hiring
Go Erp Eu,BR,go-erp.eu,,,Case study: The 7 Core Capabilities of MicrosoftNavision(Dynamics NAV),global_jobs,https://go-erp.eu/what-is-microsoft-navision-an-overview/,HOT - Active Hiring
Navision¿qué es? | Microsoft Dynamics NAV,CO,ceieu.com,,,Case study: Navision¿qué es? | Microsoft Dynamics NAV - CEI Europe,global_jobs,https://www.ceieu.com/programa-software-erp/que-es-navision/,HOT - Active Hiring
Exceliaconsulting Com,CO,exceliaconsulting.com,,,Case study: Microsoft Dynamics NAV | exceliaconsulting,global_jobs,https://www.exceliaconsulting.com/erp-navision,HOT - Active Hiring
NavisiondoBrasilLTDA,BR,cnpj.biz,,,Case study: NavisiondoBrasilLTDA - 04642619000150 São Paulo,global_jobs,https://cnpj.biz/04642619000150,HOT - Active Hiring
Was ist MicrosoftDynamicsNavision?,DE,erp.de,,,Case study: Was ist MicrosoftDynamicsNavision? - ERP.de,global_jobs,https://www.erp.de/erp-software/microsoft/dynamics-navision,HOT - Active Hiring
Dynamics365Partner De,DE,dynamics365partner.de,,,"Case study: Vier Gründe, Ihr NAVISION hinter sich zu lassen -Dynamics365 Partner",global_jobs,https://dynamics365partner.de/blog/vier-gruende-ihr-navision-hinter-sich-zu-lassen/,HOT - Active Hiring
Liebrecapital Com Ar,AR,liebrecapital.com.ar,,,Case study: Navision: la solución integral para la gestión financiera de tuempresa,global_jobs,https://liebrecapital.com.ar/navision-modulo-de-finanzas/,HOT - Active Hiring
Digital Experts Com,DE,digital-experts.com,,,Case study: Navision Support mit ️ Langjähriger Erfahrung,global_jobs,https://digital-experts.com/bc/leistungen/navision-support/,HOT - Active Hiring
Connectify Dk,DK,connectify.dk,,,Case study: Hvad erNavision? Alt du bør vide om det populære ERP-system,global_jobs,https://connectify.dk/hvad-er-navision/,HOT - Active Hiring
Hugendubel De,DE,hugendubel.de,,,"Case study: Buch (kartoniert): ""Ein praxisorientierter Einstieg in MicrosoftNavision""",global_jobs,https://www.hugendubel.de/de/buch_kartoniert/tobias_schmid-ein_praxisorientierter_einstieg_in_microsoft_navision-8167289-produkt-details.html,HOT - Active Hiring
Dynamics Connect Co Uk,DK,dynamics-connect.co.uk,,,Case study: What is MicrosoftNavision? Dynamics Nav Explained,global_jobs,https://dynamics-connect.co.uk/Blog/what-is-microsoft-navision-dynamics-nav-explained,HOT - Active Hiring
Medarbejdere Au Dk,DK,medarbejdere.au.dk,,,Case study: Grundlæggende vejledningNavision- Aarhus Universitet,global_jobs,https://medarbejdere.au.dk/fileadmin/www.medarbejdere.au.dk/Institutter/AU_oekonomi/Oekonomisystemer/Navision/Intro_til_Navision.pdf,HOT - Active Hiring
Jcd Dk,DK,jcd.dk,,,Case study: MicrosoftDynamics- Navision og C5 | JCD A/S,global_jobs,https://jcd.dk/microsoft-dynamics/,HOT - Active Hiring
Eynasofteam Com,CO,eynasofteam.com,,,Case study: DeNavision2.6 al control totaldesu plantadeproducción:Casode...,global_jobs,https://www.eynasofteam.com/grupo-torre-digitaliza-su-fabrica-centenaria/,HOT - Active Hiring
Captology Es,CL,captology.es,,,Case study: Partner ERPNavisionSantiago Microsoft Dynamics NAV,global_jobs,https://captology.es/navision-santiago-erp-dynamics-nav/,HOT - Active Hiring
Conectacuenca Cl,CL,conectacuenca.cl,,,"Case study: Soluciones ERPNavision, CRM, AX & AXAPTA: Consultoría …",global_jobs,https://conectacuenca.cl/noticias/erp-navision-crm-nav-ax-axapta-bps-bpo-internacionalizacion-consultoria/,HOT - Active Hiring
Navision¿qué es? | Microsoft Dynamics NAV,CL,ceieu.com,,,Case study: Navision¿qué es? | Microsoft Dynamics NAV - CEI Europe,global_jobs,https://www.ceieu.com/programa-software-erp/que-es-navision/,HOT - Active Hiring
Exceliaconsulting Com,CL,exceliaconsulting.com,,,Case study: Microsoft Dynamics NAV | exceliaconsulting,global_jobs,https://www.exceliaconsulting.com/erp-navision,HOT - Active Hiring
Navision| TCServi,CL,tcservi.com,,,Case study: Navision| TCServi - Microsoft Official Partner,global_jobs,https://tcservi.com/navision/,HOT - Active Hiring
Eynasofteam Com,CL,eynasofteam.com,,,Case study: DeNavision2.6 al control totaldesu plantadeproducción:Casode...,global_jobs,https://www.eynasofteam.com/grupo-torre-digitaliza-su-fabrica-centenaria/,HOT - Active Hiring
Teamextension Com Ar,AR,teamextension.com.ar,,,Case study: Contratar a unNavisiondesarrollador dedicado enArgentina,global_jobs,https://teamextension.com.ar/es/contratar/navision-desarrollador-dedicado,HOT - Active Hiring
Quienes somos,AR,voxa.info,,,Case study: Quienes somos - Microsoft Dynamics NavNavisionArgentina- VOXA,global_jobs,http://voxa.info/about.php,HOT - Active Hiring
Teamextension Com Br,BR,teamextension.com.br,,,Case study: Contratar um dedicadoNavisiondesenvolvedor naBrasil,global_jobs,https://teamextension.com.br/pt/contratar/dedicado-navision-desenvolvedor,HOT - Active Hiring
NavisionAustralasiaCompanyProfile | Management and ...,AU,datanyze.com,,,Case study: NavisionAustralasiaCompanyProfile | Management and ... - Datanyze,global_jobs,https://www.datanyze.com/companies/navision-australasia/453634984,HOT - Active Hiring
Datadrivensolutions Com Au,AU,datadrivensolutions.com.au,,,Case study: Microsoft DynamicsNavision: A reportingcasestudy,global_jobs,https://datadrivensolutions.com.au/blog/f/microsoft-dynamics-navision-a-reporting-case-study,HOT - Active Hiring
Encorebusiness Com,CA,encorebusiness.com,,,Case study: Dynamics NAV Partner | Encore Business Solutions,global_jobs,https://www.encorebusiness.com/solutions/microsoft-dynamics-nav/,HOT - Active Hiring
Dynamics NAV,BE,gmigroup.be,,,Case study: Dynamics NAV - GMI group,global_jobs,https://www.gmigroup.be/microsoft/dynamics-nav/,HOT - Active Hiring
Kennersoft De,DE,kennersoft.de,,,Case study: Was Ist Microsoft DynamicsNavision? -NavisionERP System,global_jobs,https://kennersoft.de/blog/navision-als-e-commerce-erp,HOT - Active Hiring
Delphisoft Group Com,DE,delphisoft-group.com,,,Case study: Microsoft Dynamics NAV (NAVISION) | ERP-Lösung,global_jobs,https://delphisoft-group.com/de/microsoft-dynamics-nav-navision/,HOT - Active Hiring
Softwarebasar De,DE,softwarebasar.de,,,Case study: NavisionERP: Ihre Lösung für Business-Erfolg,global_jobs,https://softwarebasar.de/navision-erp-ihre-loesung-fuer-business-erfolg/,HOT - Active Hiring
Reuffel De,DE,reuffel.de,,,Case study: Ein praxisorientierter Einstieg in MicrosoftNavision,global_jobs,https://www.reuffel.de/ebooks/kostenlos_ger/detail/ISBN-9783639113280/Schmid-Tobias/Ein-praxisorientierter-Einstieg-in-Microsoft-Navision,HOT - Active Hiring
Dynamicssquare Com,CA,dynamicssquare.com,,,Case study: What is Microsoft Dynamics NAV?,global_jobs,https://www.dynamicssquare.com/blog/everything-know-about-microsoft-dynamics-nav/,HOT - Active Hiring
Go Erp Eu,CA,go-erp.eu,,,Case study: The 7 Core Capabilities of MicrosoftNavision(Dynamics NAV),global_jobs,https://go-erp.eu/what-is-microsoft-navision-an-overview/,HOT - Active Hiring
Dynamicsfanatics Com,CA,dynamicsfanatics.com,,,Case study: MicrosoftNavisionEnd of Life: What Your Business Should Do Next,global_jobs,https://www.dynamicsfanatics.com/post/microsoft-navision-end-of-life-what-it-means-for-your-business-next-steps,HOT - Active Hiring
Dynamicssmartz Com,CA,dynamicssmartz.com,,,Case study: Everything You Need to Know About Microsoft Dynamics NAV in 2026,global_jobs,https://www.dynamicssmartz.com/blog/microsoft-dynamics-nav/,HOT - Active Hiring
Agensi Pekerjaan Tech Staffing Sdn Bhd on LinkedIn: #hiring,MY,www.linkedin.com,,,"We're #hiring a new Navision Consultant in Petaling Jaya, Selangor. Apply today or share this post with your network.",country_expansion_v5_my,https://www.linkedin.com/posts/techstaffingmalaysia_hiring-activity-7264976286433865728-YFn7,HOT - Active Hiring
Ørsted,DK,,,,"Søger: ""ERP-ansvarlig med Dynamics NAV erfaring""",manual_smoking_gun_v2,https://orsted.com/careers,HOT - Active Hiring
"Vi søger en økonomiansvarlig, der har stærke administrative kompetencer, er struktureret og selvfølg",DK,,,,"Job posting: Dine daglige opgaver indeholder blandt andet sagsstyring, styring af økonomi, udarbejdelse af elektroniske rapporter, samt dialog via Scalepoint, mail",job_posting,https://www.jobindex.dk/jobsoegning?q=navision,HOT - Active Hiring
Casodeéxito – Distribución (Navision),PE,olivia.es,,,Case study: Casodeéxito – Distribución (Navision) - olivia.es,global_jobs,https://olivia.es/case-studie/caso-de-exito-distribucion-navision/,HOT - Active Hiring
Casodeéxito – Distribución (Navision),MX,olivia.es,,,Case study: Casodeéxito – Distribución (Navision) - olivia.es,global_jobs,https://olivia.es/case-studie/caso-de-exito-distribucion-navision/,HOT - Active Hiring
Dynamicssmartz Com,ZA,dynamicssmartz.com,,,Case study: Everything You Need to Know About Microsoft Dynamics NAV in 2026,global_jobs,https://www.dynamicssmartz.com/blog/microsoft-dynamics-nav/,HOT - Active Hiring
Dynamicssmartz Com,IN,dynamicssmartz.com,,,Case study: Everything You Need to Know About Microsoft Dynamics NAV in 2026,global_jobs,https://www.dynamicssmartz.com/blog/microsoft-dynamics-nav/,HOT - Active Hiring
Casodeéxito – Distribución (Navision),ES,olivia.es,,,Case study: Casodeéxito – Distribución (Navision) - olivia.es,global_jobs,https://olivia.es/case-studie/caso-de-exito-distribucion-navision/,HOT - Active Hiring
Elian Solutions Com,IT,elian-solutions.com,,,Case study: Productonstudycase- Elian Solutions -NavisionNAV implementation,global_jobs,https://www.elian-solutions.com/references/case-studies/producton-study-case/,HOT - Active Hiring
"FormationNavisionéligible OPCO, CPF,Francetravail",FR,fr.optedif-formation.fr,,,"Case study: FormationNavisionéligible OPCO, CPF,Francetravail - Pôle emploi …",global_jobs,https://fr.optedif-formation.fr/formation/formation-navision/,HOT - Active Hiring
Navisionis end of live,NL,bluace.nl,,,Case study: Navisionis end of live - wat zijn de gevolgen? - bluace.nl,global_jobs,https://bluace.nl/nieuws/gevolgen-einde-microsoft-navision/,HOT - Active Hiring
Elian Solutions Com,NL,elian-solutions.com,,,Case study: Productonstudycase- Elian Solutions -NavisionNAV implementation,global_jobs,https://www.elian-solutions.com/references/case-studies/producton-study-case/,HOT - Active Hiring
Microsoft DynamicsNavisionSupport,UK,applytosupply.digitalmarketplace.service.gov.uk,,,Case study: Microsoft DynamicsNavisionSupport - Digital Marketplace,global_jobs,https://www.applytosupply.digitalmarketplace.service.gov.uk/g-cloud/services/638420841737527,HOT - Active Hiring
Tungt No,NO,tungt.no,,,Case study: Stor fusjon: Damgaard ASA ogNavisionSoftwareNorgeer gått sammen,global_jobs,https://www.tungt.no/article/view/734427/stor_fusjon_damgaard_asa_og_navision_software_norge_er_gatt_sammen,HOT - Active Hiring
Dynamicssmartz Com,SE,dynamicssmartz.com,,,Case study: Everything You Need to Know About Microsoft Dynamics NAV in 2026,global_jobs,https://www.dynamicssmartz.com/blog/microsoft-dynamics-nav/,HOT - Active Hiring
Unlock Business Value withNavisionSkills,SE,readynez.com,,,Case study: Unlock Business Value withNavisionSkills - Readynez,global_jobs,https://www.readynez.com/se/blog/navigera-i-navisions-dynamik-en-guide-till-att-laasa-upp-affaerspotential/,HOT - Active Hiring
Sececcph2019 Dk,DK,sececcph2019.dk,,,Case study: Forskellen mellem C5 og det nyeNavision- Sececcph2019.dk,global_jobs,https://sececcph2019.dk/forskellen-mellem-c5-og-det-nye-navision/,HOT - Active Hiring
Servicebeskrivelse forNavisionStat 2025,DK,oes.dk,,,Case study: Servicebeskrivelse forNavisionStat 2025 - Økonomistyrelsen,global_jobs,https://oes.dk/media/23wbkzkh/servicebeskrivelse-for-navision-stat-januar-2025.pdf,HOT - Active Hiring
Navisiontidslinje,DK,jmdata.dk,,,"Case study: Navisiontidslinje - JM Data, Ikast ApS",global_jobs,https://jmdata.dk/diverse/navision-tidslinje,HOT - Active Hiring
Advancesoluciones Com,AR,advancesoluciones.com,,,Case study: Demo gratuita de Microsoft Dynamics NAV (Navision),global_jobs,https://www.advancesoluciones.com/demo-erp-microsoft-dynamics-nav/,HOT - Active Hiring
Mdsoft Dk,DK,mdsoft.dk,,,Case study: MicrosoftNavision: Den komplette guide til ERP-løsningen i teknologi ...,global_jobs,https://mdsoft.dk/microsoft-navision/,HOT - Active Hiring
ERP Microsoft Dynamics NAV (Navision),AR,lobosdiario.com.ar,,,Case study: ERP Microsoft Dynamics NAV (Navision) - Diario de Lobos,global_jobs,http://lobosdiario.com.ar/erp-microsoft-dynamics-nav-navision/,HOT - Active Hiring
C/AL paraNavision: r/microsoft,AR,reddit.com,,,Case study: C/AL paraNavision: r/microsoft - Reddit,global_jobs,https://www.reddit.com/r/microsoft/comments/17h816m/cal_for_navision/?tl=es-es,HOT - Active Hiring
Pureit Ca,CA,pureit.ca,,,Case study: Microsoft Dynamics NAV Consulting In Calgary By Pure IT,global_jobs,https://www.pureit.ca/microsoft-dynamics-nav-consulting-in-calgary/,HOT - Active Hiring
Dms Sys De,DE,dms-sys.de,,,Case study: Microsoft Navision Partner ERP-Lösung | DMS-SYSTEMHAUS,global_jobs,https://dms-sys.de/navision-partner-erp/,HOT - Active Hiring
Figurator Net,DK,figurator.net,,,"Case study: Figurator International – Det moderne alternativ til XAL, C5,Navision...",global_jobs,https://www.figurator.net/,HOT - Active Hiring
"NavisionShipping DK A/S, Hellerup, Denmark",DK,northdata.com,,,"Case study: NavisionShipping DK A/S, Hellerup, Denmark - North Data",global_jobs,"https://www.northdata.com/Navision%20Shipping%20DK%20A%2FS,%20Hellerup/CVR%2034804583",HOT - Active Hiring
Hvad erNavisionog C5?,DK,micropartner.dk,,,Case study: Hvad erNavisionog C5? - Micropartner,global_jobs,https://micropartner.dk/hvad-er-navision/,HOT - Active Hiring
NavisiondoBrasilLtda,BR,vriconsulting.com.br,,,Case study: NavisiondoBrasilLtda - CNPJ: 04.642.619/0001-50,global_jobs,https://www.vriconsulting.com.br/empresa.php?cnpj=04642619000150,HOT - Active Hiring
Dynamicssquare Com Au,DK,dynamicssquare.com.au,,,Case study: Microsoft DynamicsNavision: A Comprehensive Guide,global_jobs,https://www.dynamicssquare.com.au/blog/dynamics-nav/,HOT - Active Hiring
The365People Com,BE,the365people.com,,,Case study: Kempinski Hotels | Comprehensive ERP | Dynamics NAV,global_jobs,https://www.the365people.com/case-studies/kempinski-hotels,HOT - Active Hiring
Casodeéxito implantación Dynamics NAV,CL,nbdynamics.com,,,Case study: Casodeéxito implantación Dynamics NAV - nbDynamics,global_jobs,https://www.nbdynamics.com/caso-exito-implantacion-dynamics-nav/,HOT - Active Hiring
Digitalengagiert De,DE,digitalengagiert.de,,,Case study: Microsoft DynamicsNavision: alle Vorteile auf einen Blick,global_jobs,https://www.digitalengagiert.de/microsoft-dynamics-navision/,HOT - Active Hiring
Leyesytecnologia Com,BR,leyesytecnologia.com,,,Case study: PeritajedeNavision. Otrocasodeéxito. • Leyes y …,global_jobs,https://leyesytecnologia.com/peritaje-de-navision-otro-caso-de-exito/,HOT - Active Hiring
Prodwaregroup Com,CO,prodwaregroup.com,,,Case study: MicrosoftDynamicsNAV(navision) | programa ERP,global_jobs,https://www.prodwaregroup.com/es-es/soluciones/soluciones-erp-crm-microsoft/microsoft-dynamics-nav/,HOT - Active Hiring
Navision| Dynamics NAV,CO,ekamat.es,,,Case study: Navision| Dynamics NAV - Softwaredegestión ERP para PYME,global_jobs,https://ekamat.es/navision/,HOT - Active Hiring
Casodeéxito implantación Dynamics NAV,CO,nbdynamics.com,,,Case study: Casodeéxito implantación Dynamics NAV - nbDynamics,global_jobs,https://www.nbdynamics.com/caso-exito-implantacion-dynamics-nav/,HOT - Active Hiring
Advancesoluciones Com,CL,advancesoluciones.com,,,Case study: Navisionpara Logística y Gestión de Almacenes,global_jobs,https://www.advancesoluciones.com/erp-para-logistica-y-almacenes/navision/,HOT - Active Hiring
Navision| Dynamics NAV,CL,ekamat.es,,,Case study: Navision| Dynamics NAV - Software de gestión ERP para PYME,global_jobs,https://ekamat.es/navision/,HOT - Active Hiring
▷ Curso deNavision- Cursos Online,CL,academyformacion.com,,,Case study: ▷ Curso deNavision- Cursos Online - Academy Formación,global_jobs,https://www.academyformacion.com/curso-de-navision/,HOT - Active Hiring
Sterling Team Com,CL,sterling-team.com,,,Case study: What is MicrosoftNavisionERP? An In-Depth Look at Dynamics NAV,global_jobs,https://www.sterling-team.com/news/en/what-is-microsoft-navision-erp-an-in-depth-look-at-dynamics-nav/,HOT - Active Hiring
Micropartner Dk,DK,micropartner.dk,,,Case study: What isNavision– Micropartner,global_jobs,https://micropartner.dk/what-is-navision/,HOT - Active Hiring
Bogføringsloven med Microsoft Dynamics NAV,DK,itm8.dk,,,Case study: Bogføringsloven med Microsoft Dynamics NAV - Itm8,global_jobs,https://itm8.dk/forretningssystemer/erp/bogfoeringsloven/dynamics-nav-bogfoeringslov,HOT - Active Hiring
Microsoft Dynamics NAVNavision- Software ERP,AR,arbentia.com,,,Case study: Microsoft Dynamics NAVNavision- Software ERP - Arbentia,global_jobs,https://www.arbentia.com/erp/dynamics-nav-navision/,HOT - Active Hiring
Microsoft DynamicsNavision: Ein vollständiger Leitfaden ...,DE,de.linkedin.com,,,Case study: Microsoft DynamicsNavision: Ein vollständiger Leitfaden ... - LinkedIn,global_jobs,https://de.linkedin.com/pulse/microsoft-dynamics-navision-complete-guide-business-m49wc?tl=de,HOT - Active Hiring
Microsoft Dynamics NAV,DE,contract.at,,,Case study: Microsoft Dynamics NAV - CONTRACT Consulting Group,global_jobs,https://contract.at/ms-dynamics-nav/,HOT - Active Hiring
NavisionStat 11.2,DK,oes.dk,,,Case study: NavisionStat 11.2 - Økonomistyrelsen,global_jobs,https://oes.dk/media/wm4e2kbp/navision-stat-112-nyt-i-navision-stat-111002.pdf,HOT - Active Hiring
Derordersatz De,DK,derordersatz.de,,,Case study: NAV Finansiel bogføring -NavisionOrdersatz Shopware BC365,global_jobs,https://derordersatz.de/da/nav-finanzbuchhaltung/,HOT - Active Hiring
Microsoft Dynamics NAV,DK,inforevision.dk,,,Case study: Microsoft Dynamics NAV - samler økonomien i ét system - Inforevision,global_jobs,https://inforevision.dk/it/erp-systemer/microsoft-dynamics-nav/,HOT - Active Hiring
Microsoft Dynamics NAV Users List,AU,thomsondata.com,,,Case study: Microsoft Dynamics NAV Users List - Thomson Data,global_jobs,https://www.thomsondata.com/technology-lists/microsoft-dynamics-nav-users-list.php,HOT - Active Hiring
Microsoft Dynamics NAV Implementation,DE,nexsoftsys.com,,,Case study: Microsoft Dynamics NAV Implementation - NEX Softsys,global_jobs,https://www.nexsoftsys.com/technologies/microsoft-dynamics-nav-implementation.html,HOT - Active Hiring
Microsoft Dynamics NAV (ehemalsNavision),DE,ltmemory.de,,,Case study: Microsoft Dynamics NAV (ehemalsNavision) - LTmemory,global_jobs,https://www.ltmemory.de/software-loesungen/erp/microsoft-dynamics-nav/,HOT - Active Hiring
Kube Systems,AR,kube.systems,,,Case study: NavisionERP: Evolución y Transformación Digital 2026,global_jobs,https://kube.systems/navision-erp/,HOT - Active Hiring
Hvad erNavisionERP? › IT | ITReload.dk,DK,itreload.dk,,,"Case study: Hvad erNavisionERP? › IT | ITReload.dk - Data, Tale, Video, IT",global_jobs,https://itreload.dk/artikel/it/hvad-er-navision-erp,HOT - Active Hiring
Companies that useNavisionin North America,CA,theirstack.com,,,Case study: Companies that useNavisionin North America - theirstack.com,global_jobs,https://theirstack.com/en/technology/navision/north-america,HOT - Active Hiring
Microsoft Dynamics Nav,CO,consultorianavision.com,,,Case study: Microsoft Dynamics Nav - CONSULTORÍANAVISION- EVOTEC,global_jobs,https://www.consultorianavision.com/,HOT - Active Hiring
Microsoft Dynamics Nav,CL,consultorianavision.com,,,Case study: Microsoft Dynamics Nav - CONSULTORÍANAVISION- EVOTEC,global_jobs,https://www.consultorianavision.com/,HOT - Active Hiring
