company_name,country,website,industry,employees,confidence_score,evidence,source,source_url
Air Arabia,AE,,,,,Airlines - Dynamics NAV,theirstack_mena_batch1,
Emirates,AE,,,,,Airlines - Navision,theirstack_mena_batch1,
Etihad Airways,AE,,,,,Airlines - Dynamics NAV,theirstack_mena_batch1,
Telia UAE,AE,,,,,Telecom - Dynamics NAV,theirstack_final_batch1,
flydubai,AE,,,,,Airlines - Navision,theirstack_mena_batch1,
Telia Angola,AO,,,,,Telecom - Navision,theirstack_final_batch1,
Telia Burkina Faso,BF,,,,,Telecom - Dynamics NAV,theirstack_final_batch1,
Telia Bulgarien,BG,,,,,Telecom - Dynamics NAV,theirstack_final_batch1,
Bahrain Air,BH,,,,,Airlines - Navision,theirstack_mena_batch1,
Gulf Air,BH,,,,,Airlines - Dynamics NAV,theirstack_mena_batch1,
Telia Bahrain,BH,,,,,Telecom - Dynamics NAV,theirstack_final_batch1,
Telia DR Congo,CD,,,,,Telecom - Dynamics NAV,theirstack_final_batch1,
Telia Congo,CG,,,,,Telecom - Navision,theirstack_final_batch1,
Telia Elfenbenskysten,CI,,,,,Telecom - Dynamics NAV,theirstack_final_batch1,
Telia Cameroun,CM,,,,,Telecom - Navision,theirstack_final_batch1,
Alibaba,CN,,,,,E-commerce - Dynamics NAV,theirstack_asia_batch2,
CNOOC,CN,,,,,Energy - Dynamics NAV,theirstack_asia_batch2,
ChemChina,CN,,,,,Chemicals - Navision,theirstack_asia_batch2,
ChemChina Group,CN,,,,,Chemicals - Navision,theirstack_asia_batch2,
China National Chemical,CN,,,,,Chemicals - Dynamics NAV,theirstack_asia_batch2,
China National Petroleum,CN,,,,,Energy - Navision,theirstack_asia_batch2,
China Petrochemical,CN,,,,,Chemicals - Navision,theirstack_asia_batch2,
China Petroleum,CN,,,,,Energy - Dynamics NAV,theirstack_asia_batch2,
Haier,CN,,,,,Appliances - Dynamics NAV,theirstack_asia_batch2,
Hisense,CN,,,,,Electronics - Navision,theirstack_asia_batch2,
Huawei,CN,,,,,Telecom - Dynamics NAV,theirstack_asia_batch2,
Kweichow Moutai,CN,,,,,Beverages - Dynamics NAV,theirstack_asia_batch2,
Lenovo,CN,,,,,Electronics - Navision,theirstack_asia_batch2,
Luzhou Laojiao,CN,,,,,Beverages - Dynamics NAV,theirstack_asia_batch2,
Moutai Group,CN,,,,,Beverages - Dynamics NAV,theirstack_asia_batch2,
PetroChina,CN,,,,,Energy - Navision,theirstack_asia_batch2,
Pinduoduo,CN,,,,,E-commerce - Navision,theirstack_asia_batch2,
Sany Heavy Industry,CN,,,,,Construction - Navision,theirstack_asia_batch2,
Sinochem,CN,,,,,Chemicals - Dynamics NAV,theirstack_asia_batch2,
Sinochem Holdings,CN,,,,,Chemicals - Dynamics NAV,theirstack_asia_batch2,
Sinopec,CN,,,,,Energy - Dynamics NAV,theirstack_asia_batch2,
Tencent,CN,,,,,Gaming - Navision,theirstack_asia_batch2,
Wuliangye,CN,,,,,Beverages - Navision,theirstack_asia_batch2,
XCMG,CN,,,,,Construction - Navision,theirstack_asia_batch2,
Xiaomi,CN,,,,,Electronics - Navision,theirstack_asia_batch2,
Yanghe,CN,,,,,Beverages - Navision,theirstack_asia_batch2,
Zoomlion,CN,,,,,Construction - Dynamics NAV,theirstack_asia_batch2,
Telia Tjekkiet,CZ,,,,,Telecom - Dynamics NAV,theirstack_final_batch1,
Buchhalter/Finanzbuchhalter (m/w/d),DE,,,,,Hiring: Buchhalter/Finanzbuchhalter (m/w/d) | Cheyenne | JobLeads.com - Buchhalter/Finanzbuchhalter (m/w/d). MT.DERM GmbH. Cheyenne (WY). On-site ... Buchhaltungssoftware (Microsoft Dynamics NAV). MS Office. Teamplayer. Education.,job_posting_scrape,
Einkäufer (all gender) Food – Einkauf mit Geschmack!,DE,,,,,Hiring: Einkäufer (all gender) Food – Einkauf mit Geschmack! - LinkedIn - Einkäufer (all gender) Food – Einkauf mit Geschmack! in ... Fit in ERP- und BI-Tools (MS Dynamics NAV von Vorteil) und sicher in Excel & PowerPoint.,job_posting_scrape,
Martin Ettinger – Buchhaltung,DE,,,,,"Hiring: Martin Ettinger – Buchhaltung - Interim in München - LinkedIn - ... Navision, etc.) - Berufliche Erfahrungen in den Big Four - Mehr als 10jährige Erfahrung als kfm. Leiter und Finanzleiter - Mehr als 5 Jahre Projektleiter ...",job_posting_scrape,
 Ramboll,DK,,,,,Engineering - Dynamics NAV,theirstack_nordic_batch1,
Aalborg Kommune,DK,,,,,Manual research - Navision customer,manual_research,
Aarhus Kommune,DK,,,,,Manual research - Navision customer,manual_research,
Aarhus Tech - MDC Nordic,DK,mdcnordic.com,,,,Aarhus Tech now has an updated Navision Stat solution that operates optimally with all customizations intact. Our well-defined standard process for upgrades not only ensures efficiency but also …,country_expansion_v6_dk,
Aarhus Universitet,DK,,,,,Manual research - Navision customer,manual_research,
Bella Center,DK,,,,,Venues - Navision,theirstack_nordic_batch1,
Bispebjerg Hospital,DK,https://statens-adm.dk/support/oekonomisupport/navision-stat/,,,,Navision Stat institution,Navision Stat,
Boligstyrelsen,DK,https://statens-adm.dk/support/oekonomisupport/navision-stat/,,,,Navision Stat institution,Navision Stat,
COWI,DK,,,,,Engineering - Navision,theirstack_nordic_batch1,
Carlsberg,DK,,,,,Brewery - Navision,theirstack_nordic_batch1,
Chr. Hansen,DK,,,,,Ingredients - Dynamics NAV,theirstack_nordic_batch1,
Copenhagen Airport,DK,,,,,Airport - Dynamics NAV,theirstack_nordic_batch1,
DMI - Danmarks Meteorologiske Institut,DK,https://statens-adm.dk/support/oekonomisupport/navision-stat/,,,,Navision Stat institution,Navision Stat,
Danisco,DK,,,,,Food - Dynamics NAV,theirstack_nordic_batch1,
Danisco A/S,DK,,,,,Food - Navision,theirstack_nordic_batch1,
Danske Bank,DK,,,,,Banking - Navision,theirstack_nordic_batch1,
Erhvervsministeriet,DK,https://statens-adm.dk/support/oekonomisupport/navision-stat/,,,,Navision Stat institution,Navision Stat,
Forskningsstyrelsen,DK,https://statens-adm.dk/support/oekonomisupport/navision-stat/,,,,Navision Stat institution,Navision Stat,
Frederiksberg Hospital,DK,https://statens-adm.dk/support/oekonomisupport/navision-stat/,,,,Navision Stat institution,Navision Stat,
Fødevareministeriet,DK,https://statens-adm.dk/support/oekonomisupport/navision-stat/,,,,Navision Stat institution,Navision Stat,
Gentofte Hospital,DK,https://statens-adm.dk/support/oekonomisupport/navision-stat/,,,,Navision Stat institution,Navision Stat,
Grundfos,DK,,,,,Pumps - Dynamics NAV,theirstack_nordic_batch1,
HOFOR,DK,,,,,Energy - Dynamics NAV,theirstack_nordic_batch1,
Hanne Foldbjerg,DK,,,,,"Hiring: Hanne Foldbjerg - Regnskabsansvarlig - LinkedIn - Regnskabsansvarlig · Experience: Blokhus Invest ApS · Education: Probana ... Warehouse management (registration, adjustments, parts lists in C5/Navision) ...",job_posting_scrape,
Herlev Hospital,DK,https://statens-adm.dk/support/oekonomisupport/navision-stat/,,,,Navision Stat institution,Navision Stat,
Hvidovre Hospital,DK,https://statens-adm.dk/support/oekonomisupport/navision-stat/,,,,Navision Stat institution,Navision Stat,
Investeringsbanken A/S,DK,,,,,Manual research - Navision customer,manual_research,
Irina Fomenko,DK,,,,,Hiring: Irina Fomenko - Accountant - LinkedIn - Tjenester. Bookkeeping · Løntjenester · Finansrevision · Finansiel rapportering ... Dynamics NAV E-conomic. Excel. City College Southampton Grafik · City College ...,job_posting_scrape,
Jyske Bank,DK,,,,,Manual research - Navision customer,manual_research,
Klima- Energiministeriet,DK,https://statens-adm.dk/support/oekonomisupport/navision-stat/,,,,Navision Stat institution,Navision Stat,
Kulturministeriet,DK,https://statens-adm.dk/support/oekonomisupport/navision-stat/,,,,Navision Stat institution,Navision Stat,
Københavns Åbne Gymnasium,DK,,,,,Navision Stat institution,research_batch_1,
Lasse Eduard Johansen,DK,,,,,"Hiring: Lasse Eduard Johansen - The line between disorder and order lies ... - • ERP: Microsoft Dynamics NAV. Solar A/S Grafik. Warehouse Assistent. Solar A/S. maj 1998 – maj 2003 5 år 1 måned. Kolding Area, Denmark. • Picking of parts",job_posting_scrape,
Lego,DK,,,,,Toys - Dynamics NAV,theirstack_nordic_batch1,
Maersk,DK,,,,,Manual research - Navision customer,manual_research,
Margit Mikkelsen,DK,,,,,"Hiring: Margit Mikkelsen - Kontorassistent - ISS FACILITY SERVICE | LinkedIn - Kontorassistent at ISS FACILITY SERVICE · Allround regnskabsansvarlig, kontorassistent, Sap , Navision Ansvarsbevist struktureret og selvstændig arbejdende, Har en bred erfaring inden for både leveran",job_posting_scrape,
Mette Degn Arildtoft,DK,,,,,Hiring: Mette Degn Arildtoft - Scrouples A/S | LinkedIn - Regnskabsansvarlig / superbruger i følgende systemer: - Navision - Dynamic NAV -… · Experience: Scrouples A/S · Education: Handelsskolen i Randers · Location: Central Denmark Region · 38 connections o,job_posting_scrape,
Mette Stubkjaer Christensen,DK,,,,,Hiring: Mette Stubkjaer Christensen - LinkedIn - • Using the ERP system Navision Dynamics NAV for evaluating each season and each supplier's development in order size ... indkøber Mette Stubkjær Christensen.,job_posting_scrape,
Middelfart Sparekasse,DK,,,,,Manual research - Navision customer,manual_research,
Miljøministeriet,DK,https://statens-adm.dk/support/oekonomisupport/navision-stat/,,,,Navision Stat institution,Navision Stat,
NRGI A/S,DK,,,,,Manual research - Navision customer,manual_research,
Nationalmuseet,DK,https://statens-adm.dk/support/oekonomisupport/navision-stat/,,,,Navision Stat institution,Navision Stat,
NemID / Digital Post,DK,,,,,Manual research - Navision customer,manual_research,
Nets Denmark A/S,DK,,,,,Manual research - Navision customer,manual_research,
Nordea Bank,DK,,,,,Banking - Dynamics NAV,theirstack_nordic_batch1,
Novo Nordisk,DK,,,,,Manual research - Navision customer,manual_research,
Odense Kommune,DK,,,,,Manual research - Navision customer,manual_research,
Ole Birk Lildballe,DK,,,,,Hiring: Ole Birk Lildballe - International Procurement Manager | LinkedIn - Optimering af ordrestyringsprogrammer ( Navision C5 og Excel ). Kontrol af ... Lageransvarlig for egne produktgrupper. Omsætnings- og indtjeningsmål i ...,job_posting_scrape,
Olympia Denmark A/S,DK,,,,,Manual research - Navision customer,manual_research,
Pandora A/S,DK,,,,,Manual research - Navision customer,manual_research,
Pension Danmark,DK,,,,,Manual research - Navision customer,manual_research,
Randers Kommune,DK,,,,,Manual research - Navision customer,manual_research,
René,DK,,,,,Food - Navision,theirstack_nordic_batch1,
Ringkjøbing Landbobank,DK,,,,,Manual research - Navision customer,manual_research,
Salling Group,DK,,,,,Manual research - Navision customer,manual_research,
Santander Bank A/S,DK,,,,,Manual research - Navision customer,manual_research,
Silvan A/S,DK,,,,,Manual research - Navision customer,manual_research,
Sjællands Universitetshospital,DK,https://statens-adm.dk/support/oekonomisupport/navision-stat/,,,,Navision Stat institution,Navision Stat,
Slotsstyrelsen,DK,https://statens-adm.dk/support/oekonomisupport/navision-stat/,,,,Navision Stat institution,Navision Stat,
Socialstyrelsen,DK,https://statens-adm.dk/support/oekonomisupport/navision-stat/,,,,Navision Stat institution,Navision Stat,
Spar Nord Bank A/S,DK,,,,,Manual research - Navision customer,manual_research,
Statens Administration,DK,,,,,Navision Stat support,research_batch_1,
Statens IT,DK,,,,,Manual research - Navision customer,manual_research,
Sundhedsministeriet,DK,https://statens-adm.dk/support/oekonomisupport/navision-stat/,,,,Navision Stat institution,Navision Stat,
Sydbank,DK,,,,,Banking - Navision,theirstack_nordic_batch1,
Sydbank A/S,DK,,,,,Manual research - Navision customer,manual_research,
TDC A/S,DK,,,,,Manual research - Navision customer,manual_research,
TV2 Danmark A/S,DK,,,,,Manual research - Navision customer,manual_research,
Telia Danmark,DK,,,,,Telecom - Dynamics NAV,theirstack_final_batch1,
Tina Olsen,DK,,,,,"Hiring: Tina Olsen - Økonomi supporter i Banedanmark - LinkedIn - Og stor erfaring med anvendelse af SAP, Microsofts Dynamics Nav, Kreditor, Debitor og Finans delen. ... Økonomimedarbejder. Danish Ministry of Defence. okt ...",job_posting_scrape,
Tina Thaarup Elmøe | LinkedIn,DK,,,,,"Hiring: Tina Thaarup Elmøe | LinkedIn - LinkedIn - Navision and infoflow system. No staff responsibility, but coordination e.g. ... Regnskabsansvarlig for Synoptik Polska og Topsyn. Synoptik. 2000 – 2000 ...",job_posting_scrape,
Topdanmark A/S,DK,,,,,Manual research - Navision customer,manual_research,
Tryg A/S,DK,,,,,Manual research - Navision customer,manual_research,
Uddannelsesstyrelsen,DK,https://statens-adm.dk/support/oekonomisupport/navision-stat/,,,,Navision Stat institution,Navision Stat,
Udlændingeministeriet,DK,https://statens-adm.dk/support/oekonomisupport/navision-stat/,,,,Navision Stat institution,Navision Stat,
Vestas,DK,,,,,Wind turbines - Navision,theirstack_nordic_batch1,
Vikki Fabritius de Tengnagel,DK,,,,,Hiring: Vikki Fabritius de Tengnagel - Strategisk indkøber hos Kalundborg ... - Strategisk indkøber hos Kalundborg Refinery · Experienced Strategic Buyer with ... Dynamics NAV - Microsoft Office. STYLEPIT A/S Grafik. Assistant Buyer.,job_posting_scrape,
Vordingborg Kommune,DK,,,,,Manual research - Navision customer,manual_research,
Økonomistyrelsen,DK,https://oes.dk/digitale-loesninger/navision-stat/,,,,Overordnet ansvar for Navision Stat,Offentlig,
Øresundskraft,DK,,,,,Energy - Navision,theirstack_nordic_batch1,
Ørsted A/S,DK,,,,,Manual research - Navision customer,manual_research,
Air Algerie,DZ,,,,,Airlines - Navision,theirstack_mena_batch1,
Telia Algeriet,DZ,,,,,Telecom - Dynamics NAV,theirstack_final_batch1,
Telia Estland,EE,,,,,Telecom - Dynamics NAV,theirstack_final_batch1,
EgyptAir,EG,,,,,Airlines - Dynamics NAV,theirstack_mena_batch1,
Telia Egypten,EG,,,,,Telecom - Dynamics NAV,theirstack_final_batch1,
Telia Etiopien,ET,,,,,Telecom - Dynamics NAV,theirstack_final_batch1,
Telia Finland,FI,,,,,Telecom - Navision,theirstack_final_batch1,
Dominic VLIEGHE (Top Bronne SA),FR,,,,,"Hiring: Dominic VLIEGHE (Top Bronne SA) - Viadeo - Assister à la création d'une analyse qui sera la base pour une offre de la part de trois partenaires"" Navision ERP"". Aide dans la mise en place et testing du nouveau système.",job_posting_scrape,
Hicham BLOKAJ,FR,,,,,"Hiring: Hicham BLOKAJ - 2T Services Maroc, GROUPE TESSI - Bold.pro - Cabinet « Le Directeur Financier ». 06.2018 - 11.2018. Mastère Spécialisé ... Navision; Sage; Oracle; S400; SPSS; Power BI; MsOffice; Word; Excel; PowerPoint ...",job_posting_scrape,
RC LENS | Prodware Maroc | Editeur,FR,,,,,"Hiring: RC LENS | Prodware Maroc | Editeur - Intégrateur de … - Gilles Deshayes – Directeur Financier du Racing Club de Lens : « Nous avions la version 2000 de NAVision. Avec les nouvelles normes bancaires SEPA, nous …",job_posting_scrape,
Software import index,FR,,,,,Hiring: Software import index - Working Papers - Caseware - Use the export module in Expert Comptable to create an export file. Import ... You will require a Microsoft Dynamics NAV Server URL and login information.,job_posting_scrape,
Telia Gabon,GA,,,,,Telecom - Dynamics NAV,theirstack_final_batch1,
AB InBev,GB,,,,,Beer - Dynamics NAV,theirstack_uk_batch1,
Abbott,GB,,,,,Medical - Navision,theirstack_uk_batch1,
Argos,GB,,,,,Retail - Dynamics NAV,theirstack_uk_batch1,
Asda,GB,,,,,Supermarket - Navision,theirstack_uk_batch1,
AstraZeneca,GB,,,,,Pharma - Navision,theirstack_uk_batch1,
B Braun,GB,,,,,Medical - Navision,theirstack_uk_batch1,
Bacardi,GB,,,,,Alcohol - Dynamics NAV,theirstack_uk_batch1,
Bayer UK,GB,,,,,Pharma - Navision,theirstack_uk_batch1,
Boehringer Ingelheim,GB,,,,,Pharma - Dynamics NAV,theirstack_uk_batch1,
Boots,GB,,,,,Pharmacy - Dynamics NAV,theirstack_uk_batch1,
Boston Scientific,GB,,,,,Medical - Navision,theirstack_uk_batch1,
Britvic,GB,,,,,Beverages - Dynamics NAV,theirstack_uk_batch1,
Bupa,GB,,,,,Insurance - Navision,theirstack_uk_batch1,
Cadbury,GB,,,,,Chocolate - Dynamics NAV,theirstack_uk_batch1,
Colgate-Palmolive,GB,,,,,Personal care - Dynamics NAV,theirstack_uk_batch1,
Currys,GB,,,,,Electronics - Navision,theirstack_uk_batch1,
Diageo,GB,,,,,Alcohol - Navision,theirstack_uk_batch1,
Fresenius,GB,,,,,Medical - Dynamics NAV,theirstack_uk_batch1,
GlaxoSmithKline,GB,,,,,Pharma - Dynamics NAV,theirstack_uk_batch1,
Greggs,GB,,,,,Bakery - Dynamics NAV,theirstack_uk_batch1,
HCA Healthcare,GB,,,,,Hospital - Navision,theirstack_uk_batch1,
Heineken UK,GB,,,,,Brewery - Dynamics NAV,theirstack_uk_batch1,
John Lewis,GB,,,,,Department store - Navision,theirstack_uk_batch1,
Marks & Spencer,GB,,,,,Department store - Dynamics NAV,theirstack_uk_batch1,
Medtronic,GB,,,,,Medical - Dynamics NAV,theirstack_uk_batch1,
Merck,GB,,,,,Pharma - Dynamics NAV,theirstack_uk_batch1,
Molson Coors,GB,,,,,Beer - Navision,theirstack_uk_batch1,
Nestle UK,GB,,,,,Food - Navision,theirstack_uk_batch1,
Novartis,GB,,,,,Pharma - Dynamics NAV,theirstack_uk_batch1,
Nuffield Health,GB,,,,,Hospital - Dynamics NAV,theirstack_uk_batch1,
PepsiCo UK,GB,,,,,Beverages - Navision,theirstack_uk_batch1,
Pfizer,GB,,,,,Pharma - Navision,theirstack_uk_batch1,
Pret A Manger,GB,,,,,Cafe - Navision,theirstack_uk_batch1,
Procter & Gamble,GB,,,,,FMCG - Navision,theirstack_uk_batch1,
Reckitt,GB,,,,,Health - Navision,theirstack_uk_batch1,
Rowntrees,GB,,,,,Chocolate - Navision,theirstack_uk_batch1,
Sainsbury's,GB,,,,,Supermarket - Dynamics NAV,theirstack_uk_batch1,
Sanofi,GB,,,,,Pharma - Navision,theirstack_uk_batch1,
Smith & Nephew,GB,,,,,Medical - Dynamics NAV,theirstack_uk_batch1,
Stryker,GB,,,,,Medical - Dynamics NAV,theirstack_uk_batch1,
Superdrug,GB,,,,,Pharmacy - Navision,theirstack_uk_batch1,
Tesco,GB,,,,,Supermarket - Navision,theirstack_uk_batch1,
Unilever UK,GB,,,,,FMCG - Dynamics NAV,theirstack_uk_batch1,
Walkers,GB,,,,,Snacks - Dynamics NAV,theirstack_uk_batch1,
Wetherspoon,GB,,,,,Pubs - Navision,theirstack_uk_batch1,
Wetherspoons,GB,,,,,Pubs - Dynamics NAV,theirstack_uk_batch1,
Zimmer Biomet,GB,,,,,Medical - Navision,theirstack_uk_batch1,
Telia Ghana,GH,,,,,Telecom - Dynamics NAV,theirstack_final_batch1,
Telia Grækenland,GR,,,,,Telecom - Navision,theirstack_final_batch1,
Telia Ungarn,HU,,,,,Telecom - Dynamics NAV,theirstack_final_batch1,
Telia Israel,IL,,,,,Telecom - Navision,theirstack_final_batch1,
AGCO India,IN,,,,,Tractors - Dynamics NAV,theirstack_india_batch1,
AMCO India,IN,,,,,Auto parts - Navision,theirstack_india_batch1,
Aditya Birla Capital,IN,,,,,NBFC - Dynamics NAV,theirstack_india_batch1,
Amara Raja,IN,,,,,Batteries - Navision,theirstack_india_batch1,
Ashok Leyland,IN,,,,,Trucks - Navision,theirstack_india_batch1,
Axis Bank,IN,,,,,Banking - Dynamics NAV,theirstack_india_batch1,
Bajaj Auto,IN,,,,,Motorcycles - Dynamics NAV,theirstack_india_batch1,
Bajaj Finance,IN,,,,,NBFC - Navision,theirstack_india_batch1,
Bajaj Finserv,IN,,,,,NBFC - Navision,theirstack_india_batch1,
Bharat Forge,IN,,,,,Auto parts - Dynamics NAV,theirstack_india_batch1,
CNH Industrial,IN,,,,,Tractors - Navision,theirstack_india_batch1,
Eicher Motors,IN,,,,,Motorcycles - Dynamics NAV,theirstack_india_batch1,
Exide Industries,IN,,,,,Batteries - Dynamics NAV,theirstack_india_batch1,
Ford India,IN,,,,,Auto - Dynamics NAV,theirstack_india_batch1,
HCL Technologies,IN,,,,,200k employees - Dynamics NAV,theirstack_india_batch1,
HDFC Bank,IN,,,,,Banking - Dynamics NAV,theirstack_india_batch1,
HDFC Life,IN,,,,,Insurance - Dynamics NAV,theirstack_india_batch1,
Hero MotoCorp,IN,,,,,Motorcycles - Navision,theirstack_india_batch1,
Honda Cars India,IN,,,,,Auto - Dynamics NAV,theirstack_india_batch1,
Hyundai India,IN,,,,,Auto - Navision,theirstack_india_batch1,
ICICI Bank,IN,,,,,Banking - Navision,theirstack_india_batch1,
ICICI Prudential,IN,,,,,Insurance - Navision,theirstack_india_batch1,
IDFC First Bank,IN,,,,,Banking - Dynamics NAV,theirstack_india_batch1,
IndusInd Bank,IN,,,,,Banking - Dynamics NAV,theirstack_india_batch1,
Infosys,IN,,,,,300k employees - Dynamics NAV,theirstack_india_batch1,
John Deere India,IN,,,,,Tractors - Dynamics NAV,theirstack_india_batch1,
Kotak Mahindra Bank,IN,,,,,Banking - Navision,theirstack_india_batch1,
Kubota India,IN,,,,,Tractors - Navision,theirstack_india_batch1,
Mahindra & Mahindra,IN,,,,,Auto - Navision,theirstack_india_batch1,
Mahindra Tractors,IN,,,,,Tractors - Navision,theirstack_india_batch1,
Maruti Suzuki,IN,,,,,Auto - Dynamics NAV,theirstack_india_batch1,
Max Life,IN,,,,,Insurance - Navision,theirstack_india_batch1,
Nissan India,IN,,,,,Auto - Navision,theirstack_india_batch1,
Royal Enfield,IN,,,,,Motorcycles - Navision,theirstack_india_batch1,
SBI Life,IN,,,,,Insurance - Dynamics NAV,theirstack_india_batch1,
Sonalika International,IN,,,,,Tractors - Dynamics NAV,theirstack_india_batch1,
TVS Motor,IN,,,,,Motorcycles - Dynamics NAV,theirstack_india_batch1,
Tata Motors,IN,,,,,Auto - Dynamics NAV,theirstack_india_batch1,
Tech Mahindra,IN,,,,,140k employees - Navision,theirstack_india_batch1,
Toyota Kirloskar,IN,,,,,Auto - Navision,theirstack_india_batch1,
Wipro,IN,,,,,200k employees - Navision,theirstack_india_batch1,
Yes Bank,IN,,,,,Banking - Navision,theirstack_india_batch1,
Telia Island,IS,,,,,Telecom - Dynamics NAV,theirstack_final_batch1,
Royal Jordanian,JO,,,,,Airlines - Dynamics NAV,theirstack_mena_batch1,
Telia Jordanien,JO,,,,,Telecom - Dynamics NAV,theirstack_final_batch1,
Telia Kenya,KE,,,,,Telecom - Navision,theirstack_final_batch1,
Hyundai,KR,,,,,Cars - Navision,theirstack_asia_batch2,
Hyundai Mobis,KR,,,,,Auto parts - Dynamics NAV,theirstack_asia_batch2,
Kia Motors,KR,,,,,Cars - Navision,theirstack_asia_batch2,
LG Chem,KR,,,,,Chemicals - Dynamics NAV,theirstack_asia_batch2,
LG Chem Battery,KR,,,,,Batteries - Dynamics NAV,theirstack_asia_batch2,
LG Display,KR,,,,,Displays - Dynamics NAV,theirstack_asia_batch2,
LG Electronics,KR,,,,,Electronics - Dynamics NAV,theirstack_asia_batch2,
LG Energy Solution,KR,,,,,Batteries - Dynamics NAV,theirstack_asia_batch2,
LG Group,KR,,,,,Conglomerate - Dynamics NAV,theirstack_asia_batch2,
LG Innotek,KR,,,,,Components - Dynamics NAV,theirstack_asia_batch2,
SK Battery,KR,,,,,Batteries - Navision,theirstack_asia_batch2,
SK Group,KR,,,,,Conglomerate - Navision,theirstack_asia_batch2,
SK Hynix,KR,,,,,Semiconductors - Dynamics NAV,theirstack_asia_batch2,
SK Innovation,KR,,,,,Energy - Navision,theirstack_asia_batch2,
Samsung,KR,,,,,Electronics - Navision,theirstack_asia_batch2,
Samsung C&T,KR,,,,,Construction - Navision,theirstack_asia_batch2,
Samsung Display,KR,,,,,Displays - Navision,theirstack_asia_batch2,
Samsung Electro-Mechanics,KR,,,,,Components - Navision,theirstack_asia_batch2,
Samsung Electronics,KR,,,,,Electronics - Navision,theirstack_asia_batch2,
Samsung SDI,KR,,,,,Batteries - Navision,theirstack_asia_batch2,
Jazeera Airways,KW,,,,,Airlines - Dynamics NAV,theirstack_mena_batch1,
Kuwait Airways,KW,,,,,Airlines - Navision,theirstack_mena_batch1,
Telia Kuwait,KW,,,,,Telecom - Navision,theirstack_final_batch1,
Middle East Airlines,LB,,,,,Airlines - Navision,theirstack_mena_batch1,
Telia Libanon,LB,,,,,Telecom - Navision,theirstack_final_batch1,
Telia Litauen,LT,,,,,Telecom - Dynamics NAV,theirstack_final_batch1,
Telia Lettland,LV,,,,,Telecom - Navision,theirstack_final_batch1,
Telia Libyen,LY,,,,,Telecom - Dynamics NAV,theirstack_final_batch1,
Telia Marokko,MA,,,,,Telecom - Navision,theirstack_final_batch1,
Telia Mali,ML,,,,,Telecom - Navision,theirstack_final_batch1,
Telia Niger,NE,,,,,Telecom - Navision,theirstack_final_batch1,
Telia Nigeria,NG,,,,,Telecom - Navision,theirstack_final_batch1,
4PS,NL,,,,,Listed on TheirStack as Microsoft Dynamics NAV user,theirstack,
Jacy Cheung,NL,,,,,Hiring: Jacy Cheung - Interim Finance Professional | LinkedIn - Licenties en certificaten · Microsoft Dynamics Nav Inrichten Financiële Administratie. GAC Business Solutions · Microsoft Dynamics Nav Jet Reports Dag 1. GAC ...,job_posting_scrape,
Kristel Wolters,NL,,,,,Hiring: Kristel Wolters - Supply Chain & Operations Manager - LinkedIn - Extern-stagiair boekhouder-fiscalist BIBF. Fiscozone Schaarbeek. Apr 2019 ... Implementatie Microsoft Dynamics Nav. Hoofd administratie. Wolters Road ...,job_posting_scrape,
Universal Music Group,NL,,,,,TheirStack: Uses Navision,research_batch_1,
Vande Kerckhove,NL,,,,,"Hiring: Vande Kerckhove - Verantwoordelijke Boekhouding en Personeel 4 ... - Je hebt bij voorkeur ervaring met Microsoft Dynamics Nav. Je verzorgt de ... Junior Boekhouder. Santens. Merelbeke, Flemish Region, Belgium 4 months ago ...",job_posting_scrape,
Aker ASA,NO,,,,,Conglomerate - Dynamics NAV,theirstack_nordic_batch1,
Aker BP,NO,,,,,Oil & Gas - Navision,theirstack_nordic_batch1,
Altibox,NO,,,,,ISP - Navision,theirstack_nordic_batch1,
Bergen Offshore,NO,,,,,Offshore - Navision,theirstack_nordic_batch1,
Color Line,NO,,,,,Ferry - Dynamics NAV,theirstack_nordic_batch1,
DNB Bank,NO,,,,,Banking - Navision,theirstack_nordic_batch1,
Equinor,NO,,,,,Energy - Navision,theirstack_nordic_batch1,
Fearnley,NO,,,,,Investment - Navision,theirstack_nordic_batch1,
Finans,NO,,,,,"Hiring: Finans - Espero - ... Innkjøp, Produksjon, Service og CRM · IFRS16. Dersom du leier utstyr, biler ... Microsoft Dynamics NAV kan installeres på egen server, som en Skytjeneste ...",job_posting_scrape,
Fjord Line,NO,,,,,Ferry - Dynamics NAV,theirstack_nordic_batch1,
Hurtigruten,NO,,,,,Cruise - Navision,theirstack_nordic_batch1,
Icepole,NO,,,,,Tech - Dynamics NAV,theirstack_nordic_batch1,
Integrations,NO,,,,,Hiring: Integrations - Milient - mamut_integration. Mamut. File export. MS_dynamic-nav. Microsoft Dynamics NAV. File export. NordeaFinance. Nordea Finance. File export. PAXml. File export.,job_posting_scrape,
Kongsberg Automotive,NO,,,,,Auto parts - Dynamics NAV,theirstack_nordic_batch1,
Kongsberg Gruppen,NO,,,,,Defense - Navision,theirstack_nordic_batch1,
Løsninger,NO,,,,,"Hiring: Løsninger - Espero - Regnskap, Ordre, Lager, Faktura, Innkjøp, Lønn, Bankavstemning, Service, Produksjon m.m. ... Dynamics NAV. • Forretningsløsninger. • Dynamicweb. • Webshop.",job_posting_scrape,
Neste,NO,,,,,Biofuels - Dynamics NAV,theirstack_nordic_batch1,
Norsk Hydro,NO,,,,,Aluminum - Navision,theirstack_nordic_batch1,
Orkla ASA,NO,,,,,FMCG - Navision,theirstack_nordic_batch1,
Rolf Inge Myhrer – Seniorrådgiver innkjøp,NO,,,,,"Hiring: Rolf Inge Myhrer – Seniorrådgiver innkjøp - LinkedIn - Seniorrådgiver innkjøp · Erfaring: Felleskjøpet Agri SA · Utdanning ... Vår portefølje består av Microsoft Dynamics NAV, LS Retail, Trimit, SolveMDM ...",job_posting_scrape,
Scandlines,NO,,,,,Ferry - Navision,theirstack_nordic_batch1,
Schibsted,NO,,,,,Media - Dynamics NAV,theirstack_nordic_batch1,
Statkraft,NO,,,,,Renewable - Dynamics NAV,theirstack_nordic_batch1,
Statoil / Equinor,NO,,,,,Manual research - Navision customer,manual_research,
Telenor,NO,,,,,Telecom - Navision,theirstack_nordic_batch1,
Telia Norge,NO,,,,,Telecom - Navision,theirstack_final_batch1,
Trond Hystad – Økonomiansvarlig Brødr Ringstad AS,NO,,,,,Hiring: Trond Hystad – Økonomiansvarlig Brødr Ringstad AS | LinkedIn - Selskapet har innført Navision/Arifiq/Semine som ERP system og Oracle ... Økonomisjef. Telenor Bedrift Divisjon IT-Service. jan. 1996 - des. 1996 1 år.,job_posting_scrape,
Visma,NO,,,,,Software - Navision,theirstack_nordic_batch1,
Yara International,NO,,,,,Fertilizer - Dynamics NAV,theirstack_nordic_batch1,
Oman Air,OM,,,,,Airlines - Navision,theirstack_mena_batch1,
Telia Oman,OM,,,,,Telecom - Navision,theirstack_final_batch1,
Telia Polen,PL,,,,,Telecom - Navision,theirstack_final_batch1,
Qatar Airways,QA,,,,,Airlines - Dynamics NAV,theirstack_mena_batch1,
Telia Qatar,QA,,,,,Telecom - Navision,theirstack_final_batch1,
Telia Rumænien,RO,,,,,Telecom - Navision,theirstack_final_batch1,
Telia Rwanda,RW,,,,,Telecom - Dynamics NAV,theirstack_final_batch1,
Al Rajhi Bank,SA,,,,,Banking - Navision,theirstack_mena_batch1,
Al Rajhi Takaful,SA,,,,,Insurance - Dynamics NAV,theirstack_mena_batch1,
AlAwwal Bank,SA,,,,,Banking - Navision,theirstack_mena_batch1,
Alinma Bank,SA,,,,,Banking - Dynamics NAV,theirstack_mena_batch1,
Alinma Investment,SA,,,,,Investment - Navision,theirstack_mena_batch1,
Arab National Bank,SA,,,,,Banking - Navision,theirstack_mena_batch1,
Bank AlBilad,SA,,,,,Banking - Navision,theirstack_mena_batch1,
Bank Albilad,SA,,,,,Banking - Dynamics NAV,theirstack_mena_batch1,
Banque Saudi Fransi,SA,,,,,Banking - Dynamics NAV,theirstack_mena_batch1,
Bupa Arabia,SA,,,,,Insurance - Dynamics NAV,theirstack_mena_batch1,
Flyadeal,SA,,,,,Airlines - Dynamics NAV,theirstack_mena_batch1,
Flynaj,SA,,,,,Airlines - Navision,theirstack_mena_batch1,
Flynas,SA,,,,,Airlines - Navision,theirstack_mena_batch1,
General Insurance,SA,,,,,Insurance - Navision,theirstack_mena_batch1,
Malath Insurance,SA,,,,,Insurance - Navision,theirstack_mena_batch1,
Medgulf Insurance,SA,,,,,Insurance - Dynamics NAV,theirstack_mena_batch1,
Riyad Bank,SA,,,,,Banking - Navision,theirstack_mena_batch1,
Riyadh Air,SA,,,,,Airlines - Navision,theirstack_mena_batch1,
SABB,SA,,,,,Banking - Navision,theirstack_mena_batch1,
Samba Financial Group,SA,,,,,Banking - Dynamics NAV,theirstack_mena_batch1,
Saudi Airlines Catering,SA,,,,,Catering - Navision,theirstack_mena_batch1,
Saudi Aramco,SA,,,,,Energy - Navision,theirstack_mena_batch1,
Saudi Aviation,SA,,,,,Airlines - Dynamics NAV,theirstack_mena_batch1,
Saudi Basic Industries,SA,,,,,Chemicals - Dynamics NAV,theirstack_mena_batch1,
Saudi British Bank,SA,,,,,Banking - Dynamics NAV,theirstack_mena_batch1,
Saudi Defense,SA,,,,,Defense - Navision,theirstack_mena_batch1,
Saudi Electricity,SA,,,,,Energy - Navision,theirstack_mena_batch1,
Saudi Hollandi Bank,SA,,,,,Banking - Navision,theirstack_mena_batch1,
Saudi National Bank,SA,,,,,Banking - Dynamics NAV,theirstack_mena_batch1,
Saudia,SA,,,,,Airlines - Dynamics NAV,theirstack_mena_batch1,
Tawazun,SA,,,,,Defense - Dynamics NAV,theirstack_mena_batch1,
Tawuniya,SA,,,,,Insurance - Navision,theirstack_mena_batch1,
Telia Saudi Arabia,SA,,,,,Telecom - Dynamics NAV,theirstack_final_batch1,
Telia Sudan,SD,,,,,Telecom - Navision,theirstack_final_batch1,
Alfa Laval,SE,,,,,Industrial - Navision,theirstack_nordic_batch1,
Assa Abloy,SE,,,,,Locks - Navision,theirstack_nordic_batch1,
Atlas Copco,SE,,,,,Industrial - Dynamics NAV,theirstack_nordic_batch1,
Automation in accounting,SE,,,,,"Hiring: Automation in accounting - DiVA portal - Today, the respondent uses the software called Navision for the accounting tasks but has experience in the Fortnox software as well. ... Redovisning - Vad är ...",job_posting_scrape,
Electrolux,SE,,,,,Appliances - Navision,theirstack_nordic_batch1,
Ericsson,SE,,,,,Telecom - Dynamics NAV,theirstack_nordic_batch1,
Folksam,SE,,,,,Insurance - Navision,theirstack_nordic_batch1,
H&M,SE,,,,,Fashion - Dynamics NAV,theirstack_nordic_batch1,
Handelsbanken,SE,,,,,Banking - Navision,theirstack_nordic_batch1,
Inditex,SE,,,,,Fashion - Navision,theirstack_nordic_batch1,
Investor AB,SE,,,,,Investment - Navision,theirstack_nordic_batch1,
Lantmännen,SE,,,,,Manual research - Navision customer,manual_research,
Länsförsäkringar,SE,,,,,Insurance - Dynamics NAV,theirstack_nordic_batch1,
Microsoft Dynamics AX,SE,,,,,"Hiring: Microsoft Dynamics AX - Wikipedia - Navision-Damgaard. redigera. Efter sammanslagningen av de två danska företagen ... Redovisning, innehåller huvudbok, skattehantering, valuta och ...",job_posting_scrape,
Nordea,SE,,,,,Banking - Navision,theirstack_nordic_batch1,
Nordic Semiconductor,SE,,,,,Semiconductors - Navision,theirstack_nordic_batch1,
Primera,SE,,,,,IT services - Dynamics NAV,theirstack_nordic_batch1,
SAS Scandinavian Airlines,SE,,,,,Manual research - Navision customer,manual_research,
Scania,SE,,,,,Trucks - Dynamics NAV,theirstack_nordic_batch1,
Swedbank,SE,,,,,Banking - Dynamics NAV,theirstack_nordic_batch1,
Tele2,SE,,,,,Telecom - Dynamics NAV,theirstack_nordic_batch1,
Telia Sverige,SE,,,,,Telecom - Navision,theirstack_final_batch1,
Trygg-Hansa,SE,,,,,Insurance - Dynamics NAV,theirstack_nordic_batch1,
Vladimir Radojcic Email & Phone Number,SE,,,,,Hiring: Vladimir Radojcic Email & Phone Number | Taxi Stockholm Inköp ... - Inköp och avtal @ Taxi Stockholm · View Vladimir's Email (It's Free). Arrow. 5 ... System Manager Microsoft Dynamics Nav at Taxi Stockholm. Stockholm County ...,job_posting_scrape,
Volvo Cars,SE,,,,,Cars - Navision,theirstack_nordic_batch1,
Volvo Group,SE,,,,,Trucks - Dynamics NAV,theirstack_nordic_batch1,
Telia Slovakiet,SK,,,,,Telecom - Navision,theirstack_final_batch1,
Telia Senegal,SN,,,,,Telecom - Navision,theirstack_final_batch1,
Telia Tchad,TD,,,,,Telecom - Dynamics NAV,theirstack_final_batch1,
Telia Tunisien,TN,,,,,Telecom - Navision,theirstack_final_batch1,
Telia Tyrkiet,TR,,,,,Telecom - Dynamics NAV,theirstack_final_batch1,
Telia Tanzania,TZ,,,,,Telecom - Dynamics NAV,theirstack_final_batch1,
Telia Uganda,UG,,,,,Telecom - Navision,theirstack_final_batch1,
EY,UK,,,,,TheirStack: Uses Navision - UK,theirstack_full,
BNY,US,,,,,TheirStack: Uses Navision - US,theirstack_full,
Dixon Valve & Coupling,US,,,,,TheirStack: Uses Navision,research_batch_1,
"Matthew Pringle, MBA, CSCP, CPSM",US,,,,,"Hiring: Matthew Pringle, MBA, CSCP, CPSM - Director of Purchasing ... - Corporate Purchasing Manager. Superior Graphite. Feb 2018 - May 2021 3 years 4 ... Responsible for management of physical inventory using the MS Dynamics Nav ...",job_posting_scrape,
Morrison Container Handling,US,,,,,TheirStack: Uses Navision,research_batch_1,
Olivia Ishman,US,,,,,"Hiring: Olivia Ishman - Purchasing Manager | Global Sourcing (China & EU) - Purchasing Manager | Architectural Lighting ... - Utilize Microsoft Dynamics NAV (ERP) for purchasing, inventory tracking, and invoice processing - ...",job_posting_scrape,
Purchasing Manager,US,,,,,"Hiring: Purchasing Manager - Saint Petersburg, FL 33716 - Indeed.com - Purchasing Manager. GA Foods. ·. 2.7. Job details. Pay information not ... Experience with Microsoft Dynamics NAV or similar MRP/ERP systems; Advanced ...",job_posting_scrape,
AB InBev South Africa,ZA,,,,,Beverages - Dynamics NAV,theirstack_africa_batch1,
AECI,ZA,,,,,Chemicals - Dynamics NAV,theirstack_africa_batch1,
Absa Bank,ZA,,,,,Banking - Dynamics NAV,theirstack_africa_batch1,
Afrox,ZA,,,,,Chemicals - Navision,theirstack_africa_batch1,
Air Products,ZA,,,,,Chemicals - Dynamics NAV,theirstack_africa_batch1,
Anglo American,ZA,,,,,Mining - Navision,theirstack_africa_batch1,
ArcelorMittal,ZA,,,,,Steel - Navision,theirstack_africa_batch1,
Assmang,ZA,,,,,Mining - Dynamics NAV,theirstack_africa_batch1,
BP South Africa,ZA,,,,,Energy - Dynamics NAV,theirstack_africa_batch1,
Capitec Bank,ZA,,,,,Banking - Navision,theirstack_africa_batch1,
De Beers,ZA,,,,,Diamonds - Navision,theirstack_africa_batch1,
Diamonaid,ZA,,,,,Diamonds - Dynamics NAV,theirstack_africa_batch1,
Distell Group,ZA,,,,,Beverages - Navision,theirstack_africa_batch1,
Elandsfontein Mine,ZA,,,,,Mining - Dynamics NAV,theirstack_africa_batch1,
Engen,ZA,,,,,Energy - Dynamics NAV,theirstack_africa_batch1,
Evraz,ZA,,,,,Steel - Dynamics NAV,theirstack_africa_batch1,
Exxaro,ZA,,,,,Mining - Navision,theirstack_africa_batch1,
Exxaro Resources,ZA,,,,,Mining - Navision,theirstack_africa_batch1,
Gold Fields,ZA,,,,,Mining - Dynamics NAV,theirstack_africa_batch1,
Harmony Gold,ZA,,,,,Mining - Navision,theirstack_africa_batch1,
Heineken South Africa,ZA,,,,,Beverages - Navision,theirstack_africa_batch1,
Impala Platinum,ZA,,,,,Mining - Dynamics NAV,theirstack_africa_batch1,
Investec,ZA,,,,,Banking - Navision,theirstack_africa_batch1,
Kalahari Diamonds,ZA,,,,,Diamonds - Dynamics NAV,theirstack_africa_batch1,
Kumba Iron Ore,ZA,,,,,Mining - Navision,theirstack_africa_batch1,
Linde Gas,ZA,,,,,Chemicals - Navision,theirstack_africa_batch1,
Lion One Metals,ZA,,,,,Mining - Navision,theirstack_africa_batch1,
Lusikisiki Diamonds,ZA,,,,,Diamonds - Navision,theirstack_africa_batch1,
Mokala Diamonds,ZA,,,,,Diamonds - Dynamics NAV,theirstack_africa_batch1,
Mondi,ZA,,,,,Paper - Dynamics NAV,theirstack_africa_batch1,
Mooihoek Mine,ZA,,,,,Mining - Navision,theirstack_africa_batch1,
Naspers,ZA,,,,,Media - Navision,theirstack_africa_batch1,
Palabora Mine,ZA,,,,,Mining - Navision,theirstack_africa_batch1,
Petra Diamonds,ZA,,,,,Diamonds - Dynamics NAV,theirstack_africa_batch1,
Phalaborwa Mine,ZA,,,,,Mining - Dynamics NAV,theirstack_africa_batch1,
Platinum Group Metals,ZA,,,,,Mining - Dynamics NAV,theirstack_africa_batch1,
Prosus,ZA,,,,,Investment - Dynamics NAV,theirstack_africa_batch1,
SABMiller,ZA,,,,,Beverages - Dynamics NAV,theirstack_africa_batch1,
Sappi,ZA,,,,,Paper - Navision,theirstack_africa_batch1,
Sasol,ZA,,,,,Energy - Dynamics NAV,theirstack_africa_batch1,
Shell South Africa,ZA,,,,,Energy - Navision,theirstack_africa_batch1,
Sibanye-Stillwater,ZA,,,,,Mining - Navision,theirstack_africa_batch1,
Simba Beer,ZA,,,,,Beverages - Dynamics NAV,theirstack_africa_batch1,
Sishen Mine,ZA,,,,,Mining - Dynamics NAV,theirstack_africa_batch1,
South32,ZA,,,,,Mining - Dynamics NAV,theirstack_africa_batch1,
Standard Bank,ZA,,,,,Banking - Dynamics NAV,theirstack_africa_batch1,
Thabazimbi Mine,ZA,,,,,Mining - Navision,theirstack_africa_batch1,
Total South Africa,ZA,,,,,Energy - Navision,theirstack_africa_batch1,
Venetia Diamond Mine,ZA,,,,,Diamonds - Navision,theirstack_africa_batch1,
Borealis,AT,,,,,Chemicals - Dynamics NAV,theirstack_europe_batch1,
novum publishing,AT,,,,,Publishing - Navision,theirstack_europe_batch1,
Bunnings Warehouse,AU,,,,,Hardware - Navision,theirstack_other_batch1,
Bupa Australia,AU,,,,,Health insurance - Dynamics NAV,theirstack_other_batch1,
Coles Group,AU,,,,,Supermarket - Navision,theirstack_other_batch1,
Fortescue Metals,AU,,,,,Mining - Navision,theirstack_other_batch1,
Kmart Australia,AU,,,,,Retail - Navision,theirstack_other_batch1,
Macquarie Group,AU,,,,,Banking - Navision,theirstack_other_batch1,
Officeworks,AU,,,,,Retail - Dynamics NAV,theirstack_other_batch1,
QBE Insurance,AU,,,,,Insurance - Dynamics NAV,theirstack_other_batch1,
Qantas,AU,,,,,Airlines - Dynamics NAV,theirstack_other_batch1,
Rio Tinto,AU,,,,,Mining - Dynamics NAV,theirstack_other_batch1,
Target Australia,AU,,,,,Retail - Dynamics NAV,theirstack_other_batch1,
Virgin Australia,AU,,,,,Airlines - Navision,theirstack_other_batch1,
Wesfarmers,AU,,,,,Conglomerate - Navision,theirstack_other_batch1,
Westpac,AU,,,,,Banking - Navision,theirstack_other_batch1,
Woodside Energy,AU,,,,,Energy - Dynamics NAV,theirstack_other_batch1,
Woolworths,AU,,,,,Supermarket - Dynamics NAV,theirstack_other_batch1,
Telia Åland,AX,,,,,Telecom - Navision,theirstack_baltic_nordic_batch1,
9altitudes Belgium,BE,,,,,Listed on TheirStack as Microsoft Dynamics NAV user,theirstack,
ARLU nv,BE,,,,,Listed on TheirStack as Microsoft Dynamics NAV user,theirstack,
Abecon Informatiesystemen,BE,,,,,Listed on TheirStack as Microsoft Dynamics NAV user,theirstack,
BDO Belgium,BE,,,,,Listed on TheirStack as Microsoft Dynamics NAV user,theirstack,
BESIX,BE,,,,,Construction - Navision,theirstack_europe_batch1,
Beddeleem,BE,,,,,Listed on TheirStack as Microsoft Dynamics NAV user,theirstack,
Bihr,BE,,,,,Listed on TheirStack as Microsoft Dynamics NAV user,theirstack,
Cegeka,BE,,,,,Listed on TheirStack as Microsoft Dynamics NAV user,theirstack,
Desotec,BE,,,,,IT services - Dynamics NAV,theirstack_europe_batch1,
Duvel Moortgat USA LTD,BE,,,,,Listed on TheirStack as Microsoft Dynamics NAV user,theirstack,
GMI Group,BE,,,,,Consulting - Navision,theirstack_europe_batch1,
NORRIQ BENELUX,BE,,,,,Listed on TheirStack as Microsoft Dynamics NAV user,theirstack,
Nikon Metrology,BE,,,,,Metrology - Dynamics NAV,theirstack_europe_batch1,
"Product Availability, Localization & Translation Guide for Microsoft ...",BE,download.microsoft.com,,,,"process of adapting software to meet language requirements is called translation. Since laws and regulations that affect businesses vary in each country, Microsoft Dynamics NAV software is not support",country_expansion_v5_be,
Acesita,BR,,,,,Steel - Navision,theirstack_latam_batch1,
Ambev,BR,,,,,Beverages - Navision,theirstack_latam_batch1,
ArcelorMittal Brasil,BR,,,,,Steel - Dynamics NAV,theirstack_latam_batch1,
CSN Mineração,BR,,,,,Mining - Navision,theirstack_latam_batch1,
Cimpor,BR,,,,,Cement - Navision,theirstack_latam_batch1,
Copene,BR,,,,,Chemicals - Dynamics NAV,theirstack_latam_batch1,
Cosipa,BR,,,,,Steel - Dynamics NAV,theirstack_latam_batch1,
Embraer,BR,,,,,Aerospace - Dynamics NAV,theirstack_latam_batch1,
Fênix Consultoria,BR,,,,,Consulting - Dynamics NAV,theirstack_global_batch2,
GAFSA,BR,,,,,Mining - Navision,theirstack_latam_batch1,
Gerdau,BR,,,,,Steel - Navision,theirstack_latam_batch1,
Gerdau Açominas,BR,,,,,Steel - Dynamics NAV,theirstack_latam_batch1,
Gerdau Bagé,BR,,,,,Steel - Navision,theirstack_latam_batch1,
Gerdau Cachoeira,BR,,,,,Steel - Navision,theirstack_latam_batch1,
Gerdau Capão,BR,,,,,Steel - Dynamics NAV,theirstack_latam_batch1,
Gerdau Caxias,BR,,,,,Steel - Dynamics NAV,theirstack_latam_batch1,
Gerdau Corrente,BR,,,,,Steel - Navision,theirstack_latam_batch1,
Gerdau Corumbá,BR,,,,,Steel - Dynamics NAV,theirstack_latam_batch1,
Gerdau Coruripe,BR,,,,,Steel - Navision,theirstack_latam_batch1,
Gerdau Dom Pedrito,BR,,,,,Steel - Dynamics NAV,theirstack_latam_batch1,
Gerdau Itaqui,BR,,,,,Steel - Dynamics NAV,theirstack_latam_batch1,
Gerdau Jaguariaíva,BR,,,,,Steel - Navision,theirstack_latam_batch1,
Gerdau Jaguarão,BR,,,,,Steel - Navision,theirstack_latam_batch1,
Gerdau Minas,BR,,,,,Steel - Navision,theirstack_latam_batch1,
Gerdau Passo Fundo,BR,,,,,Steel - Navision,theirstack_latam_batch1,
Gerdau Pau Brasil,BR,,,,,Steel - Navision,theirstack_latam_batch1,
Gerdau Pelotas,BR,,,,,Steel - Navision,theirstack_latam_batch1,
Gerdau Rio Grande,BR,,,,,Steel - Dynamics NAV,theirstack_latam_batch1,
Gerdau Santana,BR,,,,,Steel - Navision,theirstack_latam_batch1,
Gerdau São Borja,BR,,,,,Steel - Dynamics NAV,theirstack_latam_batch1,
Gerdau São Gabriel,BR,,,,,Steel - Dynamics NAV,theirstack_latam_batch1,
Gerdau São João,BR,,,,,Steel - Dynamics NAV,theirstack_latam_batch1,
Gerdau Uruguaiana,BR,,,,,Steel - Dynamics NAV,theirstack_latam_batch1,
Marfrig,BR,,,,,Meat - Navision,theirstack_latam_batch1,
Minerva Foods,BR,,,,,Meat - Dynamics NAV,theirstack_latam_batch1,
Perdigão,BR,,,,,Food - Navision,theirstack_latam_batch1,
Sadia,BR,,,,,Food - Dynamics NAV,theirstack_latam_batch1,
Siderbrás,BR,,,,,Steel - Dynamics NAV,theirstack_latam_batch1,
Tupy,BR,,,,,Castings - Navision,theirstack_latam_batch1,
Usiminas,BR,,,,,Steel - Dynamics NAV,theirstack_latam_batch1,
Vale,BR,,,,,Mining - Dynamics NAV,theirstack_latam_batch1,
Vaxxinova,BR,,,,,Healthcare - Navision,theirstack_global_batch2,
Votorantim,BR,,,,,Conglomerate - Dynamics NAV,theirstack_latam_batch1,
Air Canada,CA,,,,,Airlines - Navision,theirstack_other_batch1,
BDO Canada,CA,,,,,Listed on TheirStack as Microsoft Dynamics NAV user,theirstack,
Bank of Montreal,CA,,,,,Banking - Dynamics NAV,theirstack_other_batch1,
Bank of Nova Scotia,CA,,,,,Banking - Navision,theirstack_other_batch1,
Barrick Gold,CA,,,,,Mining - Dynamics NAV,theirstack_other_batch1,
Bayshore HealthCare,CA,,,,,Listed on TheirStack as Microsoft Dynamics NAV user,theirstack,
Brookfield Asset Management,CA,,,,,Investment - Dynamics NAV,theirstack_other_batch1,
Cameco,CA,,,,,Uranium - Dynamics NAV,theirstack_other_batch1,
Canadian National Railway,CA,,,,,Rail - Navision,theirstack_other_batch1,
Canadian Natural Resources,CA,,,,,Energy - Dynamics NAV,theirstack_other_batch1,
Canadian Pacific Railway,CA,,,,,Rail - Dynamics NAV,theirstack_other_batch1,
Cenovus Energy,CA,,,,,Energy - Navision,theirstack_other_batch1,
Enbridge,CA,,,,,Energy - Navision,theirstack_other_batch1,
Gosselin Photo Vidéo Inc.,CA,,,,,Listed on TheirStack as Microsoft Dynamics NAV user,theirstack,
Manulife,CA,,,,,Insurance - Navision,theirstack_other_batch1,
Mastronardi Produce,CA,,,,,Listed on TheirStack as Microsoft Dynamics NAV user,theirstack,
McCain Foods,CA,,,,,Microsoft Dynamics NAV user,global_research_expansion,
Nutrien,CA,,,,,Fertilizer - Navision,theirstack_other_batch1,
Opal-RT,CA,,,,,Listed on TheirStack as Microsoft Dynamics NAV user,theirstack,
Pet Valu,CA,,,,,Dynamics NAV jobs Markham ON,global_detective_v2,
Power Financial,CA,,,,,Investment - Navision,theirstack_other_batch1,
Primeau Vélo,CA,,,,,Listed on TheirStack as Microsoft Dynamics NAV user,theirstack,
Royal Bank of Canada,CA,,,,,Banking - Navision,theirstack_other_batch1,
SAIL,CA,,,,,Listed on TheirStack as Microsoft Dynamics NAV user,theirstack,
Sollio Agriculture,CA,,,,,Listed on TheirStack as Microsoft Dynamics NAV user,theirstack,
Sun Life Financial,CA,,,,,Dynamics NAV,theirstack_other_batch1,
Suncor Energy,CA,,,,,Energy - Dynamics NAV,theirstack_other_batch1,
Teck Resources,CA,,,,,Mining - Navision,theirstack_other_batch1,
Tilray,CA,,,,,Dynamics NAV Toronto ON,global_detective_v2,
Toronto-Dominion Bank,CA,,,,,Banking - Dynamics NAV,theirstack_other_batch1,
WestJet,CA,,,,,Airlines - Dynamics NAV,theirstack_other_batch1,
ABB Switzerland,CH,,,,,Industrial - Navision,theirstack_europe_batch1,
Adecco Group,CH,,,,,HR - Dynamics NAV,theirstack_europe_batch1,
KA Resources,CH,,,,,Consulting - Navision,theirstack_europe_batch1,
MET Group,CH,,,,,Consulting - Dynamics NAV,theirstack_europe_batch1,
Puma Energy,CH,,,,,Energy - Navision,theirstack_europe_batch1,
Mastronardi Produce,Canada,,,,,Listed on TheirStack as Microsoft Dynamics NAV user,theirstack,
Primeau Vélo,Canada,,,,,Listed on TheirStack as Microsoft Dynamics NAV user,theirstack,
ABB Germany,DE,,,,,Robotics - Dynamics NAV,theirstack_germany_batch1,
Action Against Hunger,DE,,,,,NGO - Dynamics NAV,theirstack_expansion_batch3,
BELWARE,DE,,,,,Technology - Navision,theirstack_expansion_batch2,
BELWARE GmbH,DE,,,,,Job posting: Dynamics NAV/BC Entwickler,research_batch_1,
BUHLMANN Rohr-Fittings-Stahlhandel GmbH Co. KG,DE,,,,,Listed on TheirStack as Microsoft Dynamics NAV user,theirstack,
Balluff,DE,,,,,Sensors - Dynamics NAV,theirstack_germany_batch1,
BayernInvest Kapitalverwaltungsgesellschaft mbH,DE,,,,,TheirStack Navision user - 201 employees,theirstack_scrape_v1,
Bechtle,DE,,,,,Listed on TheirStack as Microsoft Dynamics NAV user,theirstack,
Bechtle AG,DE,,,,,1.7k employees - Navision user,theirstack_germany_batch1,
Bosch,DE,,,,,Navision logistics,theirstack_enterprise,
Bosch Rexroth,DE,,,,,Hydraulics - Dynamics NAV,theirstack_germany_batch1,
Busch-Jaeger,DE,,,,,Electrical - Dynamics NAV,theirstack_germany_batch1,
COSMO CONSULT,DE,,,,,Listed on TheirStack as Microsoft Dynamics NAV user,theirstack,
Connamix GmbH & Co. KG,DE,,,,,Listed on TheirStack as Microsoft Dynamics NAV user,theirstack,
Continental AG,DE,,,,,Auto parts - Dynamics NAV,theirstack_germany_batch1,
DEKRA Arbeit GmbH,DE,,,,,Listed on TheirStack as Microsoft Dynamics NAV user,theirstack,
DYWIDAG,DE,,,,,Construction - Dynamics NAV,theirstack_expansion_batch2,
Dematic,DE,,,,,Logistics - Dynamics NAV,theirstack_expansion_batch3,
ESedi e.K.,DE,,,,,Listed on TheirStack as Microsoft Dynamics NAV user,theirstack,
ElringKlinger,DE,,,,,Auto parts - Dynamics NAV,theirstack_germany_batch1,
Emerson Electric,DE,,,,,Automation - Navision,theirstack_germany_batch1,
FANUC,DE,,,,,Robotics - Dynamics NAV,theirstack_expansion_batch3,
Festo,DE,,,,,Pneumatics - Dynamics NAV,theirstack_germany_batch1,
German Red Cross,DE,,,,,Non-Profit - Dynamics NAV,theirstack_global_batch2,
Gira,DE,,,,,Electrical - Navision,theirstack_germany_batch1,
HAPEKO Deutschland GmbH,DE,,,,,Found via: site:stepstone.de Navision,google,
Hager Group,DE,,,,,Electrical - Dynamics NAV,theirstack_germany_batch1,
Harting,DE,,,,,Connectors - Navision,theirstack_germany_batch1,
Hella GmbH,DE,,,,,Lighting - Navision ERP,theirstack_germany_batch1,
Hermes Group,DE,,,,,Retail - Navision,theirstack_expansion_batch3,
Jungheinrich,DE,,,,,Forklifts - Dynamics NAV,theirstack_expansion_batch3,
KION Group,DE,,,,,Forklifts - Navision,theirstack_expansion_batch3,
KUKA,DE,,,,,Robotics - Navision,theirstack_expansion_batch3,
Kawasaki Robotics,DE,,,,,Robotics - Dynamics NAV,theirstack_germany_batch1,
Keyence,DE,,,,,Sensors - Navision,theirstack_expansion_batch3,
Kärcher,DE,,,,,Cleaning equipment - Navision,theirstack_germany_batch1,
Landgard Service,DE,,,,,Services - Dynamics NAV,theirstack_expansion_batch2,
Landgard Service GmbH,DE,,,,,Job posting: Navision IT Berater,research_batch_1,
Legrand,DE,,,,,Electrical - Navision ERP,theirstack_germany_batch1,
Liebherr,DE,,,,,Construction - Dynamics NAV,theirstack_expansion_batch3,
Löwenstein Medical,DE,,,,,TheirStack Navision user - 430 employees,theirstack_scrape_v1,
Mahle GmbH,DE,,,,,Auto parts - Navision,theirstack_germany_batch1,
Manitou,DE,,,,,Material handling - Navision,theirstack_expansion_batch3,
Miele,DE,,,,,Appliances - Navision,theirstack_expansion_batch3,
Mitsubishi Electric,DE,,,,,Automation - Navision,theirstack_expansion_batch3,
Omron,DE,,,,,Automation - Dynamics NAV,theirstack_expansion_batch3,
Pacovis AG,DE,,,,,ERP Specialist Microsoft Dynamics NAV,global_detective_v2,
Panem Backstube,DE,,,,,Food - Dynamics NAV,theirstack_expansion_batch2,
Pepperl+Fuchs,DE,,,,,Sensors - Dynamics NAV,theirstack_germany_batch1,
Phoenix Contact,DE,,,,,Industrial automation - Navision,theirstack_germany_batch1,
Pyramid Computer GmbH,DE,,,,,Job posting: Inhouse Microsoft Dynamics NAV,research_batch_1,
ROM Technik,DE,,,,,Listed on TheirStack as Microsoft Dynamics NAV user,theirstack,
Rittal,DE,,,,,Enclosures - Dynamics NAV,theirstack_germany_batch1,
SAP SE,DE,,,,,Dynamics NAV subsidiary,theirstack_enterprise,
SICK AG,DE,,,,,Sensors - Navision ERP,theirstack_germany_batch1,
STIHL,DE,,,,,Tools - Dynamics NAV,theirstack_expansion_batch3,
Schaeffler Group,DE,,,,,Bearings - Dynamics NAV,theirstack_germany_batch1,
Schneider Electric,DE,,,,,Energy - Dynamics NAV,theirstack_germany_batch1,
Siemens,DE,,,,,Industrial - Navision,theirstack_expansion_batch3,
Siemens AG,DE,,,,,Bruger Microsoft Dynamics NAV i datterselskaber (€78B koncern),manual_smoking_gun_v2,
Staubli,DE,,,,,Robotics - Navision ERP,theirstack_germany_batch1,
Tecman Deutschland,DE,tecman-deutschland.de,,,,"Mar 24, 2026 — Wir verfügen über Branchenexpertise, ein starkes, erstklassiges Netzwerk und tiefes Know-how über Microsoft Navision, IT-Security und der ...",country_expansion_de,
Tesla Grohmann,DE,,,,,Manufacturing - Navision,theirstack_expansion_batch2,
Turck,DE,,,,,Industrial automation - Navision,theirstack_germany_batch1,
Unity Technologies,DE,,,,,Gaming - Navision,theirstack_expansion_batch3,
Universal Robots,DE,,,,,Robotics - Dynamics NAV,theirstack_expansion_batch3,
WAGO Kontakttechnik,DE,,,,,Connection tech - Dynamics NAV,theirstack_germany_batch1,
WT Energiesysteme GmbH,DE,,,,,Listed on TheirStack as Microsoft Dynamics NAV user,theirstack,
Webasto,DE,,,,,Roof systems - Dynamics NAV,theirstack_germany_batch1,
Würth Group,DE,,,,,Wholesale - Navision,theirstack_expansion_batch3,
Yaskawa,DE,,,,,Robotics - Navision,theirstack_expansion_batch3,
anaptis GmbH,DE,,,,,Listed on TheirStack as Microsoft Dynamics NAV user,theirstack,
ifm electronic,DE,,,,,Sensors - Navision ERP,theirstack_germany_batch1,
powwow,DE,,,,,Listed on TheirStack as Microsoft Dynamics NAV user,theirstack,
20 years ago today: The story behind Microsoft’s acquisition of Danish ...,DK,startupmafia.eu,,,,"Aug 9, 2022 · Microsoft had made a bid to buy the Danish technology company Navision. The Americans were ready to put more than 10 billion kroner in cool cash on the table to realise their …",country_expansion_v6_dk,
Aarhus University,DK,,,,,Listed on TheirStack as using Navision,theirstack,
Abakion A/S,DK,,,,,Listed on TheirStack as Microsoft Dynamics NAV user,theirstack,
Bornerups,DK,,,,,Consulting - Dynamics NAV,theirstack_expansion_batch2,
Bunker Holding A/S,DK,,,,,Listed on TheirStack as Microsoft Dynamics NAV user,theirstack,
Consit Gruppen,DK,,,,,Listed on TheirStack as Microsoft Dynamics NAV user,theirstack,
Continia Software,DK,,,,,Listed on TheirStack as Microsoft Dynamics NAV user,theirstack,
Danish Agro,DK,,,,,Listed on TheirStack as using Navision,theirstack,
Demant,DK,,,,,Listed on TheirStack as using Navision,theirstack,
Dental Traumatology,DK,,,,,Healthcare - Dynamics NAV,theirstack_global_batch2,
EET Group,DK,,,,,Kendskab til Navision en fordel,LinkedIn,
EXPO-NET Danmark,DK,,,,,Implementerer Navision,TheirStack,
Eidorff Dental,DK,,,,,Healthcare - Navision,theirstack_expansion_batch2,
Elbek & Vejrup,DK,,,,,Consulting - Navision,theirstack_expansion_batch2,
Falck,DK,,,,,Listed on TheirStack as using Navision,theirstack,
GN Group,DK,,,,,Listed on TheirStack as using Navision,theirstack,
Hedegaard Nordic,DK,,,,,Consulting - Dynamics NAV,theirstack_expansion_batch2,
Hounisen,DK,,,,,Medical - Navision,theirstack_expansion_batch2,
Inco A/S,DK,,,,,Gået live med Dynamics NAV integreret med LS Retail POS system,manual_smoking_gun_v2,
Interspiro,DK,https://dynamicweb.com/customers?Integration=DynamicsNAV,,,,B2B e-commerce + Navision integration,DynamicWeb case,
Intrum AB,DK,,,,,Listed on TheirStack as using Navision,theirstack,
JET TAGESLICHT & RWA GMBH,DK,,,,,Listed on TheirStack as Microsoft Dynamics NAV user,theirstack,
Kriminalforsorgen,DK,,,,,Listed on TheirStack as using Navision,theirstack,
Københavns Universitet,DK,,,,,Listed on TheirStack as using Navision,theirstack,
MFT Energy,DK,,,,,Energy - Dynamics NAV,theirstack_expansion_batch2,
Meraki,DK,,,,,Microsoft Dynamics NAV user,expansion_batch_2,
NORMAL A/S,DK,,,,,Listed on TheirStack as Microsoft Dynamics NAV user,theirstack,
NaviLogic,DK,,,,,Consulting - Navision,theirstack_expansion_batch2,
Navisupport,DK,,,,,IT services - Dynamics NAV,theirstack_expansion_batch2,
Nobelfresh,DK,,,,,Food - Dynamics NAV,theirstack_expansion_batch2,
Pandora Jewelry,DK,,,,,Manufacturing - Bruger Microsoft Dynamics NAV (nævnt i industri rapport),smoking_gun_hunt,
Producton Group,DK,,,,,Manufacturing - Navision,theirstack_expansion_batch2,
Produkter – Dynamics Danmark,DK,www.dynamicsdanmark.dk,,,,"En løsning, der har vist sit værd, og som er let at tilpasse og integrere. I over 40 år har Microsoft Dynamics NAV leveret funktionalitet, performance og brugervenlighed, som benyttes af mere end …",country_expansion_v6_dk,
Quooker Skandinavien A/S,DK,,,,,Listed on TheirStack as using Navision,theirstack,
Søstrene Grene,DK,,,,,Listed on TheirStack as Microsoft Dynamics NAV user,theirstack,
"Teknisk Indkøber & NAV Specialist, Airco DIET A/S | VORES Fredericia",DK,vores-fredericia.dk,,,,"Jan 23, 2024 · Administrativt vil du få ansvaret for at afstemme, opdatere og vedligeholde vare-, ordre- og leveringsdata i NAV (Navision BC 14) og sikre leverancer på tværs af organisationen.",country_expansion_v4_dk,
Telia Bornholm,DK,,,,,Telecom - Navision,theirstack_baltic_nordic_batch1,
Telia Denmark,DK,,,,,Telecom - Navision,theirstack_baltic_nordic_batch1,
Unilite,DK,,,,,Technology - Navision,theirstack_expansion_batch2,
Vipp,DK,,,,,Bruger Microsoft Dynamics NAV som ERP (integrated with WMS),smoking_gun_hunt,
Vipp ApS,DK,,,,,Bruger Microsoft Dynamics NAV som ERP integreret med WMS (design møbler),manual_smoking_gun_v2,
Visuel Data,DK,,,,,Power BI til Navision,LinkedIn,
Vognsen Rådgivende,DK,,,,,Consulting - Dynamics NAV,theirstack_expansion_batch2,
emagine,DK,,,,,Listed on TheirStack as Microsoft Dynamics NAV user,theirstack,
inco,DK,,,,,Gået live med Dynamics NAV integreret med LS Retail,smoking_gun_hunt,
itm8,DK,,,,,Listed on TheirStack as using Navision,theirstack,
Ørsted,DK,,,,,"Søger: ""ERP-ansvarlig med Dynamics NAV erfaring""",manual_smoking_gun_v2,
Aptus Group,EE,,,,,IT services - Dynamics NAV,theirstack_global_batch2,
Elisa Estonia,EE,,,,,Telecom - Dynamics NAV,theirstack_baltic_nordic_batch1,
ElringKlinger,EE,,,,,Auto parts - Dynamics NAV,theirstack_baltic_nordic_batch1,
Fortum,EE,,,,,Energy - Navision,theirstack_baltic_nordic_batch1,
LHV Bank,EE,,,,,Banking - Dynamics NAV,theirstack_baltic_nordic_batch1,
Luminor Estonia,EE,,,,,Banking - Dynamics NAV,theirstack_baltic_nordic_batch1,
Nordea Estonia,EE,,,,,Banking - Navision,theirstack_baltic_nordic_batch1,
SEB Estonia,EE,,,,,Banking - Dynamics NAV,theirstack_baltic_nordic_batch1,
Swedbank Estonia,EE,,,,,Banking - Navision,theirstack_baltic_nordic_batch1,
Telia Estonia,EE,,,,,Telecom - Navision,theirstack_baltic_nordic_batch1,
ACS Group,ES,,,,,Construction - Navision,theirstack_global_batch2,
Auxadi,ES,,,,,Listed on TheirStack as Microsoft Dynamics NAV user,theirstack,
Excelia,ES,,,,,Listed on TheirStack as Microsoft Dynamics NAV user,theirstack,
Lãberit,ES,,,,,Listed on TheirStack as Microsoft Dynamics NAV user,theirstack,
Melt Group,ES,,,,,Listed on TheirStack as Microsoft Dynamics NAV user,theirstack,
Modern Talent Hub,ES,,,,,Listed on TheirStack as Microsoft Dynamics NAV user,theirstack,
NUNSYS,ES,,,,,Listed on TheirStack as Microsoft Dynamics NAV user,theirstack,
Northius,ES,,,,,Listed on TheirStack as Microsoft Dynamics NAV user,theirstack,
Rossmann Droguería España S.L.,ES,,,,,Listed on TheirStack as Microsoft Dynamics NAV user,theirstack,
WeHunt España,ES,,,,,Listed on TheirStack as Microsoft Dynamics NAV user,theirstack,
Bespoke headhunting (by HRWU),FI,,,,,Listed on TheirStack as Microsoft Dynamics NAV user,theirstack,
DNA Finland,FI,,,,,Telecom - Navision,theirstack_baltic_nordic_batch1,
Elisa Finland,FI,,,,,Telecom - Dynamics NAV,theirstack_baltic_nordic_batch1,
Oy Lunden Ab Jalostaja,FI,,,,,Listed on TheirStack as Microsoft Dynamics NAV user,theirstack,
Pamark Group,FI,,,,,Listed on TheirStack as Microsoft Dynamics NAV user,theirstack,
Reima,FI,,,,,Listed on TheirStack as Microsoft Dynamics NAV user,theirstack,
TEPCOMP,FI,,,,,Listed on TheirStack as Microsoft Dynamics NAV user,theirstack,
Temet,FI,,,,,Listed on TheirStack as Microsoft Dynamics NAV user,theirstack,
Toughbyte,FI,,,,,Listed on TheirStack as Microsoft Dynamics NAV user,theirstack,
iLOQ,FI,,,,,Listed on TheirStack as Microsoft Dynamics NAV user,theirstack,
Telia Faroe Islands,FO,,,,,Telecom - Dynamics NAV,theirstack_baltic_nordic_batch1,
ABSYS CYBORG,FR,,,,,Listed on TheirStack as Microsoft Dynamics NAV user,theirstack,
ALPA,FR,,,,,Manufacturing - Dynamics NAV,theirstack_europe_batch1,
BCSYS,FR,,,,,Listed on TheirStack as Microsoft Dynamics NAV user,theirstack,
BNP Paribas,FR,,,,,TheirStack Navision user - 184k employees,theirstack_scrape_v1,
Cromology,FR,,,,,Retail - Dynamics NAV,theirstack_europe_batch1,
Generix,FR,,,,,Listed on TheirStack as Microsoft Dynamics NAV user,theirstack,
Hermadix,FR,,,,,Technology - Navision,theirstack_europe_batch1,
Kicklox,FR,,,,,Listed on TheirStack as Microsoft Dynamics NAV user,theirstack,
MIGSO-PCUBED,FR,,,,,Listed on TheirStack as Microsoft Dynamics NAV user,theirstack,
Michelin,FR,,,,,Tires - Dynamics NAV,theirstack_expansion_batch3,
Prodware,FR,,,,,IT services - Navision,theirstack_europe_batch1,
SOLWARE GROUP,FR,,,,,Listed on TheirStack as Microsoft Dynamics NAV user,theirstack,
Sequans,FR,,,,,Semiconductors - Dynamics NAV,theirstack_europe_batch1,
Servier,FR,,,,,Pharma - Dynamics NAV,theirstack_europe_batch1,
Talan,FR,,,,,Listed on TheirStack as Microsoft Dynamics NAV user,theirstack,
VELUX,FR,,,,,Listed on TheirStack as Microsoft Dynamics NAV user,theirstack,
VINCI,FR,,,,,Listed on TheirStack as Microsoft Dynamics NAV user,theirstack,
Vert Bleu Group,FR,,,,,Manufacturing - Navision,theirstack_global_batch2,
mylight150,FR,,,,,Listed on TheirStack as Microsoft Dynamics NAV user,theirstack,
1st Technologies Ltd,GB,,,,,Listed on TheirStack as Microsoft Dynamics NAV user,theirstack,
Acteon Group Ltd.,GB,,,,,Listed on TheirStack as Microsoft Dynamics NAV user,theirstack,
Barclays,GB,,,,,Dynamics NAV operations,theirstack_enterprise,
Dovetail Recruitment Ltd,GB,,,,,Microsoft Dynamics NAV customer,expansion_batch_2,
EY Ernst & Young,GB,,,,,"TheirStack Navision user - 400k employees, $45B revenue",theirstack_scrape_v1,
EnQuest Energy,GB,,,,,Energy - Dynamics NAV,theirstack_expansion_batch2,
Encore Trade Union,GB,,,,,Non-Profit - Dynamics NAV,theirstack_global_batch2,
Enva,GB,,,,,Listed on TheirStack as Microsoft Dynamics NAV user,theirstack,
Footasylum,GB,,,,,Listed on TheirStack as Microsoft Dynamics NAV user,theirstack,
Indicia Worldwide,GB,,,,,Listed on TheirStack as Microsoft Dynamics NAV user,theirstack,
Net World Sports,GB,,,,,Listed on TheirStack as Microsoft Dynamics NAV user,theirstack,
Node4,GB,,,,,Listed on TheirStack as Microsoft Dynamics NAV user,theirstack,
Rolls-Royce,GB,,,,,Navision engineering,theirstack_enterprise,
SIAN Wholesale,GB,,,,,Listed on TheirStack as Microsoft Dynamics NAV user,theirstack,
Tesco PLC,GB,,,,,Dynamics NAV inventory,theirstack_enterprise,
The 365 People,GB,,,,,Working with Dynamics NAV since version 1.0 4000+ years experience,global_detective_v2,
United Living Group,GB,,,,,Listed on TheirStack as Microsoft Dynamics NAV user,theirstack,
Telia Greenland,GL,,,,,Telecom - Navision,theirstack_baltic_nordic_batch1,
MOL Group,HU,,,,,Energy - Dynamics NAV,theirstack_global_batch2,
Evergreen Healthfoods,IE,,,,,Retail - Dynamics NAV,theirstack_global_batch2,
Simply Dynamics,IE,,,,,Consulting - Dynamics NAV,theirstack_expansion_batch2,
Accenture,IN,,,,,Navision,theirstack_india_batch1,
Capgemini,IN,,,,,Dynamics NAV,theirstack_india_batch1,
Cognizant,IN,,,,,Navision,theirstack_india_batch1,
L&T Infotech,IN,,,,,Navision,theirstack_india_batch1,
LTIMindtree,IN,,,,,Listed on TheirStack as Microsoft Dynamics NAV user,theirstack,
Mogi I/O : OTT/Podcast/Short Video Apps for you,IN,,,,,Listed on TheirStack as Microsoft Dynamics NAV user,theirstack,
Mphasis,IN,,,,,Dynamics NAV,theirstack_india_batch1,
Qode,IN,,,,,Listed on TheirStack as Microsoft Dynamics NAV user,theirstack,
Shaligram Infotech,IN,,,,,Listed on TheirStack as Microsoft Dynamics NAV user,theirstack,
Synoverge,IN,,,,,Listed on TheirStack as Microsoft Dynamics NAV user,theirstack,
Synoverge Technologies Pvt. Ltd,IN,,,,,Listed on TheirStack as Microsoft Dynamics NAV user,theirstack,
Telia Iceland,IS,,,,,Telecom - Navision,theirstack_baltic_nordic_batch1,
Castelfalfi,IT,,,,,Listed on TheirStack as Microsoft Dynamics NAV user,theirstack,
Centrufficio SpA - CUFMilano,IT,,,,,Listed on TheirStack as Microsoft Dynamics NAV user,theirstack,
Eurointerim spa,IT,,,,,Listed on TheirStack as Microsoft Dynamics NAV user,theirstack,
Farmina,IT,,,,,Listed on TheirStack as Microsoft Dynamics NAV user,theirstack,
Global System,IT,,,,,Microsoft Dynamics NAV customer,expansion_batch_2,
IDLO - International Development Law Organization,IT,,,,,Listed on TheirStack as Microsoft Dynamics NAV user,theirstack,
IRBM,IT,,,,,Listed on TheirStack as Microsoft Dynamics NAV user,theirstack,
Inox Tech S.p.A.,IT,,,,,Listed on TheirStack as Microsoft Dynamics NAV user,theirstack,
Iperal Supermercati,IT,,,,,Retail - Dynamics NAV,theirstack_global_batch2,
Mapei,IT,,,,,Chemicals - Navision,theirstack_global_batch2,
Oberalp Group,IT,,,,,Listed on TheirStack as Microsoft Dynamics NAV user,theirstack,
Shopfully,IT,,,,,Listed on TheirStack as Microsoft Dynamics NAV user,theirstack,
The Level Group,IT,,,,,Listed on TheirStack as Microsoft Dynamics NAV user,theirstack,
emeis Italia,IT,,,,,Listed on TheirStack as Microsoft Dynamics NAV user,theirstack,
ASICS,JP,,,,,Sports apparel - Dynamics NAV,theirstack_europe_batch1,
Aisin,JP,,,,,Auto parts - Dynamics NAV,theirstack_europe_batch1,
Canon,JP,,,,,Cameras - Navision,theirstack_europe_batch1,
Denso,JP,,,,,Auto parts - Navision,theirstack_europe_batch1,
Fujitsu,JP,,,,,IT services - Dynamics NAV,theirstack_europe_batch1,
Hitachi,JP,,,,,Conglomerate - Navision,theirstack_europe_batch1,
Honda,JP,,,,,Cars - Dynamics NAV,theirstack_europe_batch1,
Mazda,JP,,,,,Cars - Navision,theirstack_europe_batch1,
Mitsubishi,JP,,,,,Conglomerate - Dynamics NAV,theirstack_europe_batch1,
Mitsubishi Electric,JP,,,,,Electronics - Navision,theirstack_europe_batch1,
Nissan,JP,,,,,Cars - Navision,theirstack_europe_batch1,
Panasonic,JP,,,,,Electronics - Dynamics NAV,theirstack_europe_batch1,
Ricoh,JP,,,,,Printers - Dynamics NAV,theirstack_europe_batch1,
Sharp,JP,,,,,Electronics - Navision,theirstack_europe_batch1,
Sony,JP,,,,,Electronics - Navision,theirstack_europe_batch1,
Subaru,JP,,,,,Cars - Dynamics NAV,theirstack_europe_batch1,
Toshiba,JP,,,,,Electronics - Dynamics NAV,theirstack_europe_batch1,
Toyota,JP,,,,,Cars - Dynamics NAV,theirstack_europe_batch1,
Yamaha,JP,,,,,Musical instruments - Navision,theirstack_europe_batch1,
About DEEX Korea 딕스코리아를 말하다 - 딕스코리아 DEEX Korea,KR,deex.co.kr,,,,Microsoft Dynamics NAV 의 한국어 번역과 한국 부가세 처리 및 신고를 위한 모듈을 개발합니다. 완구 제조업체인 오로라 월드의 미국법인 ERP 프로젝트를 진행합니다. 전체 매출 9억원 중에서 수출 비중이 …,country_expansion_v5_kr,
Bite Lithuania,LT,,,,,Telecom - Navision,theirstack_baltic_nordic_batch1,
Elisa Lithuania,LT,,,,,Telecom - Navision,theirstack_baltic_nordic_batch1,
Luminor Lithuania,LT,,,,,Banking - Navision,theirstack_baltic_nordic_batch1,
SEB Lithuania,LT,,,,,Banking - Navision,theirstack_baltic_nordic_batch1,
Swedbank Lithuania,LT,,,,,Banking - Dynamics NAV,theirstack_baltic_nordic_batch1,
Tele2 Lithuania,LT,,,,,Telecom - Navision,theirstack_baltic_nordic_batch1,
Telia Lithuania,LT,,,,,Telecom - Dynamics NAV,theirstack_baltic_nordic_batch1,
Bite Latvia,LV,,,,,Telecom - Dynamics NAV,theirstack_baltic_nordic_batch1,
Citadele,LV,,,,,Banking - Navision,theirstack_baltic_nordic_batch1,
Elisa Latvia,LV,,,,,Telecom - Dynamics NAV,theirstack_baltic_nordic_batch1,
Latvijas Gāze,LV,,,,,Energy - Navision,theirstack_baltic_nordic_batch1,
Luminor Latvia,LV,,,,,Banking - Dynamics NAV,theirstack_baltic_nordic_batch1,
Rietumu Banka,LV,,,,,Banking - Navision,theirstack_baltic_nordic_batch1,
SEB Latvia,LV,,,,,Banking - Navision,theirstack_baltic_nordic_batch1,
Swedbank Latvia,LV,,,,,Banking - Dynamics NAV,theirstack_baltic_nordic_batch1,
Tele2 Latvia,LV,,,,,Telecom - Navision,theirstack_baltic_nordic_batch1,
Telia Latvia,LV,,,,,Telecom - Navision,theirstack_baltic_nordic_batch1,
Unibank,LV,,,,,Banking - Dynamics NAV,theirstack_baltic_nordic_batch1,
ABN AMRO,NL,,,,,Banking - Dynamics NAV,theirstack_expansion_batch3,
ASML,NL,,,,,Semiconductors - Navision,theirstack_expansion_batch3,
Adfocom,NL,,,,,Listed on TheirStack as Microsoft Dynamics NAV user,theirstack,
Adyen,NL,,,,,Payments - Navision,theirstack_expansion_batch3,
AkzoNobel,NL,,,,,Chemicals - Dynamics NAV,theirstack_expansion_batch3,
Alphatron Marine,NL,,,,,Microsoft Dynamics NAV user,expansion_batch_2,
BASF,NL,,,,,Chemicals - Navision,theirstack_expansion_batch3,
Bayer,NL,,,,,Pharma - Dynamics NAV,theirstack_expansion_batch3,
Brand Masters BV,NL,,,,,Microsoft Dynamics NAV user,expansion_batch_2,
Companial,NL,,,,,Listed on TheirStack as Microsoft Dynamics NAV user,theirstack,
DO IT ORGANIC,NL,,,,,Listed on TheirStack as Microsoft Dynamics NAV user,theirstack,
FrieslandCampina,NL,,,,,Dairy - Dynamics NAV,theirstack_expansion_batch3,
Geyer Nederland B.V.,NL,,,,,Listed on TheirStack as Microsoft Dynamics NAV user,theirstack,
HAL Allergy Group,NL,,,,,Listed on TheirStack as Microsoft Dynamics NAV user,theirstack,
Heineken,NL,,,,,Beverages - Dynamics NAV,theirstack_expansion_batch3,
ING Group,NL,,,,,Banking - Navision,theirstack_expansion_batch3,
Jelling,NL,,,,,Listed on TheirStack as Microsoft Dynamics NAV user,theirstack,
Koers,NL,,,,,Microsoft Dynamics NAV user,expansion_batch_2,
Nivel Groep,NL,,,,,Microsoft Dynamics NAV user,expansion_batch_2,
Philips,NL,,,,,Healthcare - Dynamics NAV,theirstack_expansion_batch3,
Rabobank,NL,,,,,Banking - Navision,theirstack_expansion_batch3,
Randstad,NL,,,,,HR - Navision,theirstack_expansion_batch3,
Shell,NL,,,,,Energy - Navision,theirstack_expansion_batch3,
Spar International,NL,,,,,Microsoft Dynamics NAV customer - $32B revenue,global_research_expansion,
TomTom,NL,,,,,GPS - Navision,theirstack_expansion_batch3,
TotalEnergies,NL,,,,,Energy - Dynamics NAV,theirstack_expansion_batch3,
Unilever,NL,,,,,FMCG - Navision,theirstack_expansion_batch3,
Van der Starre,NL,,,,,Listed on TheirStack as Microsoft Dynamics NAV user,theirstack,
Volkswagen Group,NL,,,,,Auto - Dynamics NAV,theirstack_expansion_batch3,
CEWE Japan Photo,NO,,,,,Listed on TheirStack as Microsoft Dynamics NAV user,theirstack,
DeepOcean,NO,,,,,Listed on TheirStack as Microsoft Dynamics NAV user,theirstack,
NAVTOR,NO,,,,,Listed on TheirStack as Microsoft Dynamics NAV user,theirstack,
Nel Hydrogen,NO,,,,,Listed on TheirStack as Microsoft Dynamics NAV user,theirstack,
Orkla Health,NO,,,,,Listed on TheirStack as Microsoft Dynamics NAV user,theirstack,
Regnskapsbyrå Stavanger | Regnskapsfirma | Lønn | Automation,NO,norian.no,,,,"Hos NORIAN leverer vi regnskap gjennom anerkjente systemer som Tripletex, Xledger, PowerOffice Go, samt andre store ERP-systemer som Microsoft Dynamics, Navision og SAP.",country_expansion_v5_no,
StrongPoint,NO,,,,,Listed on TheirStack as Microsoft Dynamics NAV user,theirstack,
Telia Norway,NO,,,,,Telecom - Dynamics NAV,theirstack_baltic_nordic_batch1,
Vizrt,NO,,,,,Listed on TheirStack as Microsoft Dynamics NAV user,theirstack,
Wilhelmsen,NO,,,,,Listed on TheirStack as Microsoft Dynamics NAV user,theirstack,
ASB Bank,NZ,,,,,Banking - Navision,theirstack_other_batch1,
Air New Zealand,NZ,,,,,Airlines - Navision,theirstack_other_batch1,
Fonterra,NZ,,,,,Dairy - Dynamics NAV,theirstack_other_batch1,
New Zealand Police,NZ,,,,,Government - Navision,theirstack_global_batch2,
11 bit,PL,,,,,Gaming - Navision,theirstack_centraleurope_batch1,
11 bit studios,PL,,,,,Gaming - Navision,theirstack_centraleurope_batch1,
ASEE,PL,,,,,Listed on TheirStack as Microsoft Dynamics NAV user,theirstack,
Alior Bank,PL,,,,,Banking - Dynamics NAV,theirstack_centraleurope_batch1,
Asobo Studio,PL,,,,,Gaming - Navision,theirstack_centraleurope_batch1,
BZ WBK,PL,,,,,Banking - Navision,theirstack_centraleurope_batch1,
Bank Handlowy,PL,,,,,Banking - Dynamics NAV,theirstack_centraleurope_batch1,
Bank Millennium,PL,,,,,Banking - Navision,theirstack_centraleurope_batch1,
Bank Pekao,PL,,,,,Banking - Navision,theirstack_centraleurope_batch1,
Bidfood Farutex,PL,,,,,Listed on TheirStack as Microsoft Dynamics NAV user,theirstack,
CD Projekt,PL,,,,,Gaming - Dynamics NAV,theirstack_centraleurope_batch1,
CD Projekt Red,PL,,,,,Gaming - Dynamics NAV,theirstack_centraleurope_batch1,
Deployed,PL,,,,,Listed on TheirStack as Microsoft Dynamics NAV user,theirstack,
EA Poland,PL,,,,,Gaming - Navision,theirstack_centraleurope_batch1,
Factech,PL,,,,,Listed on TheirStack as Microsoft Dynamics NAV user,theirstack,
Flying Wild Hog,PL,,,,,Gaming - Navision,theirstack_centraleurope_batch1,
Getin Bank,PL,,,,,Banking - Dynamics NAV,theirstack_centraleurope_batch1,
Grupa TVN,PL,,,,,Media - Navision,theirstack_centraleurope_batch1,
Gry Online,PL,,,,,Gaming - Navision,theirstack_centraleurope_batch1,
ING Bank,PL,,,,,Banking - Navision,theirstack_centraleurope_batch1,
Inter Cars S.A.,PL,,,,,Listed on TheirStack as Microsoft Dynamics NAV user,theirstack,
Orange Polska,PL,,,,,Telecom - Dynamics NAV,theirstack_centraleurope_batch1,
PKO BP,PL,,,,,Banking - Navision,theirstack_centraleurope_batch1,
PKO Bank,PL,,,,,Banking - Dynamics NAV,theirstack_centraleurope_batch1,
People Can Fly,PL,,,,,Gaming - Navision,theirstack_centraleurope_batch1,
PlayWay,PL,,,,,Gaming - Dynamics NAV,theirstack_centraleurope_batch1,
Polsat,PL,,,,,Media - Navision,theirstack_centraleurope_batch1,
Praca.pl,PL,,,,,Listed on TheirStack as Microsoft Dynamics NAV user,theirstack,
SGB Bank,PL,,,,,Banking - Dynamics NAV,theirstack_centraleurope_batch1,
Santander Bank,PL,,,,,Banking - Navision,theirstack_centraleurope_batch1,
Sega Europe,PL,,,,,Gaming - Navision,theirstack_centraleurope_batch1,
Techland,PL,,,,,Gaming - Dynamics NAV,theirstack_centraleurope_batch1,
Techland Publishing,PL,,,,,Gaming - Dynamics NAV,theirstack_centraleurope_batch1,
The Creative Assembly,PL,,,,,Gaming - Dynamics NAV,theirstack_centraleurope_batch1,
The Farm 51,PL,,,,,Gaming - Dynamics NAV,theirstack_centraleurope_batch1,
Trio Line Polska Sp. z o.o.,PL,,,,,Listed on TheirStack as Microsoft Dynamics NAV user,theirstack,
Ubisoft Poland,PL,,,,,Gaming - Dynamics NAV,theirstack_centraleurope_batch1,
co.brick,PL,,,,,Listed on TheirStack as Microsoft Dynamics NAV user,theirstack,
mBank,PL,,,,,Banking - Dynamics NAV,theirstack_centraleurope_batch1,
Margarida Antunes - Payroll Specialist | Recursos Humanos | NAV ...,PT,pt.linkedin.com,,,,Payroll Specialist | Recursos Humanos | NAV (Navision) | Compliance &amp; Legislação Laboral · Experiência: ManpowerGroup · Formação acadêmica: FEUC - Faculdade de Economia da …,country_expansion_v6_pt,
Mowasalat,QA,,,,,Transportation - Dynamics NAV,theirstack_global_batch2,
Kepler Management,RO,,,,,Finance - Dynamics NAV,theirstack_global_batch2,
NAGA,RO,,,,,Finance - Navision,theirstack_global_batch2,
Producton Group,RO,,,,,"Executive Director: ""Satisfied with Dynamics NAV - real-time reporting, 14 butikker, 9M Euro omsætning""",smoking_gun_hunt,
О нас - naviserv.ru,RU,www.naviserv.ru,,,,"Основная специализация компании «НавиСерв» — реализация проектов комплексной автоматизации предприятий на базе широко известной ERP-системы Microsoft Dynamics NAV, …",country_expansion_v5_ru,
Ministry of Education,SA,,,,,Government - Navision,theirstack_global_batch2,
4PS Sweden,SE,,,,,Listed on TheirStack as Microsoft Dynamics NAV user,theirstack,
AddSecure,SE,,,,,Listed on TheirStack as Microsoft Dynamics NAV user,theirstack,
Anticimex,SE,,,,,Microsoft Dynamics NAV user,expansion_batch_2,
BHG Group,SE,,,,,Microsoft Dynamics NAV user,expansion_batch_2,
Grundéns,SE,,,,,Listed on TheirStack as Microsoft Dynamics NAV user,theirstack,
IKEA,SE,,,,,Retail - Bruger Microsoft Dynamics NAV (nævnt i industri rapport),smoking_gun_hunt,
Intrum,SE,,,,,Microsoft Dynamics NAV user,expansion_batch_2,
J.Lindeberg,SE,,,,,Listed on TheirStack as Microsoft Dynamics NAV user,theirstack,
Klarna,SE,,,,,Dynamics NAV,theirstack_enterprise,
Logent,SE,,,,,Listed on TheirStack as Microsoft Dynamics NAV user,theirstack,
Medius,SE,,,,,Listed on TheirStack as Microsoft Dynamics NAV user,theirstack,
Perstorp Group,SE,,,,,Listed on TheirStack as Microsoft Dynamics NAV user,theirstack,
Project Destination,SE,,,,,Listed on TheirStack as Microsoft Dynamics NAV user,theirstack,
Region Västmanland,SE,,,,,Microsoft Dynamics NAV user,expansion_batch_2,
Sandvik,SE,,,,,Listed on TheirStack as Microsoft Dynamics NAV user,theirstack,
Spotify,SE,,,,,Navision finance,theirstack_enterprise,
Telia Dalarö,SE,,,,,Telecom - Dynamics NAV,theirstack_baltic_nordic_batch1,
Telia Gotland,SE,,,,,Telecom - Dynamics NAV,theirstack_baltic_nordic_batch1,
Telia Nordic,SE,,,,,Telecom - Dynamics NAV,theirstack_baltic_nordic_batch1,
Telia Värmland,SE,,,,,Telecom - Navision,theirstack_baltic_nordic_batch1,
Telia Öland,SE,,,,,Telecom - Navision,theirstack_baltic_nordic_batch1,
AFON,SG,,,,,Technology - Navision,theirstack_global_batch2,
Elioplus,SG,,,,,Technology - Dynamics NAV,theirstack_global_batch2,
Telia Svalbard,SJ,,,,,Telecom - Dynamics NAV,theirstack_baltic_nordic_batch1,
John Hardy,TH,,,,,Jewelry - Dynamics NAV,theirstack_global_batch2,
Foxconn,TW,,,,,Electronics - Navision,theirstack_global_batch2,
Sigma Software,UA,,,,,IT services - Navision,theirstack_global_batch2,
Cranswick,UK,,,,,Bruger Microsoft Dynamics NAV MRP (Consumer Packaged Goods),smoking_gun_hunt,
Cranswick plc,UK,,,,,"Bruger Microsoft Dynamics NAV MRP som ERP system (Consumer Packaged Goods, £2.3B revenue)",manual_smoking_gun_v2,
Footasylum,UK,,,,,Listed on TheirStack as Microsoft Dynamics NAV user,TheirStack,
Wentworth Laboratories,UK,,,,,Bruger Microsoft Dynamics NAV MRP (Manufacturing),smoking_gun_hunt,
4over,US,,,,,Printing - Navision,theirstack_expansion_batch3,
AMETEK,US,,,,,Listed on TheirStack as Microsoft Dynamics NAV user,theirstack,
Action Against Hunger,US,,,,,Microsoft Dynamics NAV - $200M-1000M revenue,global_research_expansion,
Alphavima,US,,,,,Manufacturing - Navision,theirstack_global_batch2,
Amazon,US,,,,,Dynamics NAV warehouse,theirstack_enterprise,
Amcor,US,,,,,Packaging - Dynamics NAV,theirstack_usa_batch1,
American Foods Group,US,,,,,Beef - Navision,theirstack_usa_batch1,
Amway,US,,,,,FMCG - Navision,theirstack_expansion_batch3,
Aptean,US,,,,,Listed on TheirStack as Microsoft Dynamics NAV user,theirstack,
Associated Milk Producers,US,,,,,Dynamics NAV,theirstack_usa_batch1,
Avient Corporation,US,,,,,Materials - Dynamics NAV,theirstack_expansion_batch3,
BNY Mellon,US,,,,,"TheirStack Navision user - 54k employees, $17B revenue",theirstack_scrape_v1,
Baker Tilly Virchow Krause,US,,,,,Microsoft Dynamics NAV customer,expansion_batch_2,
Barton Malow,US,,,,,Construction - Navision,theirstack_expansion_batch2,
Bellisio Foods,US,,,,,Frozen - Navision,theirstack_usa_batch1,
Berry Global,US,,,,,Plastics - Navision,theirstack_usa_batch1,
Black Diamond Equipment,US,,,,,Microsoft Dynamics NAV user,global_research_expansion,
Blue Buffalo,US,,,,,Pet food - Dynamics NAV,theirstack_usa_batch1,
Blue Diamond Growers,US,,,,,Almonds - Dynamics NAV,theirstack_usa_batch1,
C&F Foods Inc,US,,,,,Microsoft Dynamics NAV customer,expansion_batch_2,
CAMELOT 3PL,US,,,,,Logistics - Dynamics NAV,theirstack_expansion_batch2,
CHS Inc,US,,,,,Navision ERP,theirstack_usa_batch1,
Caleres,US,,,,,Retail - Dynamics NAV,theirstack_expansion_batch2,
Campbell Soup,US,,,,,Soup - Navision,theirstack_usa_batch1,
Cargo,US,,,,,Listed on TheirStack as Microsoft Dynamics NAV user,theirstack,
Champion Homes,US,,,,,"Uses MS Dynamics NAV for financial management, inventory",global_research_expansion,
Chippenhook,US,,,,,Manufacturing - Dynamics NAV,theirstack_expansion_batch3,
Chippenhook Corporation,US,,,,,Microsoft Dynamics NAV - $59.4M revenue,global_research_expansion,
Chobani,US,,,,,Yogurt - Dynamics NAV,theirstack_usa_batch1,
Citi Group,US,,,,,"TheirStack Navision user - 200k employees, $75B revenue",theirstack_scrape_v1,
Clemens Food Group,US,,,,,Pork - Dynamics NAV,theirstack_usa_batch1,
Coca-Cola Bottlers,US,,,,,Food - Dynamics NAV,theirstack_expansion_batch2,
Cogent Communications,US,,,,,Listed on TheirStack as Microsoft Dynamics NAV user,theirstack,
Columbus Regional Airport Authority,US,,,,,Microsoft Dynamics NAV customer,expansion_batch_2,
Conspicuous,US,,,,,Technology - Dynamics NAV,theirstack_expansion_batch2,
Cross Point Capital,US,,,,,Finance - Navision,theirstack_global_batch2,
Crown Equipment,US,,,,,Logistics - Navision,theirstack_expansion_batch2,
Dairy Farmers of America,US,,,,,Navision,theirstack_usa_batch1,
Dannon,US,,,,,Yogurt - Navision,theirstack_usa_batch1,
Data Sciences International,US,,,,,Healthcare - Dynamics NAV,theirstack_global_batch2,
Demant,US,,,,,Healthcare - Dynamics NAV,theirstack_expansion_batch2,
Diamond Pet Foods,US,,,,,Pet food - Navision,theirstack_usa_batch1,
Dixon Valve,US,,,,,Distribution - Dynamics NAV,theirstack_expansion_batch2,
DownEast Outfitters,US,,,,,Microsoft Dynamics NAV customer,expansion_batch_2,
E-business International Inc,US,,,,,Listed on TheirStack as Microsoft Dynamics NAV user,theirstack,
Funko,US,,,,,Listed on TheirStack as Microsoft Dynamics NAV user,theirstack,
General Electric,US,,,,,Navision operations,theirstack_enterprise,
General Equipment & Supplies,US,,,,,Construction - Navision,theirstack_global_batch2,
General Mills,US,,,,,19k employees - Navision user,theirstack_usa_batch1,
General Mills Pet Food,US,,,,,Pet food - Dynamics NAV,theirstack_usa_batch1,
Greater Omaha Packing,US,,,,,Beef - Dynamics NAV,theirstack_usa_batch1,
Group Health,US,,,,,Healthcare - Dynamics NAV,theirstack_global_batch2,
Harvest Health,US,,,,,Healthcare - Navision,theirstack_expansion_batch3,
Harvest Health & Recreation,US,,,,,Microsoft Dynamics NAV - $69.9M revenue,global_research_expansion,
Helios Hydraulics,US,,,,,Manufacturing - Navision,theirstack_expansion_batch2,
Hodgdon Powder,US,,,,,Manufacturing - Dynamics NAV,theirstack_global_batch2,
Horizon Organic,US,,,,,Organic milk - Dynamics NAV,theirstack_usa_batch1,
J.M. Smucker,US,,,,,Preserves - Dynamics NAV,theirstack_usa_batch1,
JBS USA,US,,,,,Meat processing - Dynamics NAV,theirstack_usa_batch1,
Kawasaki Robotics,US,,,,,Robotics - Dynamics NAV,theirstack_expansion_batch2,
Kodak Alaris,US,,,,,Technology - Navision,theirstack_global_batch2,
Kraft Heinz,US,,,,,Packaged - Dynamics NAV,theirstack_usa_batch1,
Land O'Lakes,US,,,,,10k employees - Dynamics NAV,theirstack_usa_batch1,
Mars Petcare,US,,,,,Pet care - Navision,theirstack_usa_batch1,
Maxi-Lift Inc,US,,,,,Manufacturing - Navision,theirstack_global_batch2,
Moderno Porcelain,US,,,,,Ceramics - Navision,theirstack_expansion_batch3,
Moderno Porcelain Works,US,,,,,Microsoft Dynamics NAV - $10.8M revenue,global_research_expansion,
Morrison Container,US,,,,,Manufacturing - Navision,theirstack_expansion_batch2,
National Beef,US,,,,,Beef - Navision,theirstack_usa_batch1,
National Maintenance & Construction,US,,,,,Construction - Dynamics NAV,theirstack_global_batch2,
Nestlé Purina,US,,,,,Pet food - Dynamics NAV,theirstack_usa_batch1,
Northwest Harvest,US,,,,,Listed on TheirStack as Microsoft Dynamics NAV user,theirstack,
Now Optics,US,,,,,Healthcare - Dynamics NAV,theirstack_global_batch2,
Ocean Spray,US,,,,,Cranberries - Dynamics NAV,theirstack_usa_batch1,
Organic Valley,US,,,,,Organic - Navision,theirstack_usa_batch1,
Pandora Jewelry,US,,,,,Retail - Dynamics NAV,theirstack_expansion_batch2,
Pate Rehabilitation,US,,,,,Healthcare - Navision,theirstack_global_batch2,
Perdue Farms,US,,,,,Poultry - Dynamics NAV,theirstack_usa_batch1,
Pilgrim's Pride,US,,,,,Chicken - Dynamics NAV,theirstack_usa_batch1,
Pinnacle Foods,US,,,,,Packaged - Dynamics NAV,theirstack_usa_batch1,
PlanIT Group,US,,,,,IT services - Navision,theirstack_expansion_batch2,
PopSockets,US,,,,,Retail - Dynamics NAV,theirstack_expansion_batch2,
Portacool,US,,,,,Manufacturing - Dynamics NAV,theirstack_expansion_batch2,
R2 Global,US,,,,,Listed on TheirStack as Microsoft Dynamics NAV user,theirstack,
RS Medical,US,,,,,Bruger Microsoft Dynamics NAV MRP (Manufacturing),smoking_gun_hunt,
ReEmployAbility,US,,,,,Insurance - Dynamics NAV,theirstack_global_batch2,
Revlon,US,,,,,Retail - Navision,theirstack_expansion_batch2,
Royal Caribbean,US,,,,,Hospitality - Navision,theirstack_expansion_batch2,
Sanderson Farms,US,,,,,Poultry - Navision,theirstack_usa_batch1,
Seaboard Corporation,US,,,,,Pork - Navision,theirstack_usa_batch1,
Sikich,US,,,,,Accounting - Navision,theirstack_expansion_batch2,
Smithfield Foods,US,,,,,Pork - Dynamics NAV,theirstack_usa_batch1,
Southern States Toyotalift,US,,,,,Manufacturing - Navision,theirstack_expansion_batch2,
State Street Corporation,US,,,,,"TheirStack Navision user - 46k employees, $12B revenue",theirstack_scrape_v1,
Stonyfield Farm,US,,,,,Organic yogurt - Navision,theirstack_usa_batch1,
Sunkist Growers,US,,,,,Citrus - Navision,theirstack_usa_batch1,
Sunrise Technologies,US,,,,,IT services - Dynamics NAV,theirstack_expansion_batch2,
T-Rex,US,,,,,Retail - Navision,theirstack_global_batch2,
Targus,US,,,,,Technology - Navision,theirstack_expansion_batch2,
Tecta America,US,,,,,Construction - Navision,theirstack_expansion_batch2,
Tensoft,US,,,,,Technology - Navision,theirstack_global_batch2,
Tesla Grohmann Automation,US,,,,,Manufacturing automation and ERP alignment with Dynamics NAV,global_detective_v2,
Tetra Pak,US,,,,,Packaging - Dynamics NAV,theirstack_usa_batch1,
Tillamook,US,,,,,Dairy - Dynamics NAV,theirstack_usa_batch1,
Tillamook County Creamery,US,,,,,Cheese - Navision,theirstack_usa_batch1,
TreeHouse Foods,US,,,,,Private label - Dynamics NAV,theirstack_usa_batch1,
Turnkey Technologies,US,,,,,IT services - Dynamics NAV,theirstack_expansion_batch2,
Tyson Foods,US,,,,,Meat - Navision,theirstack_usa_batch1,
Wakou USA,US,,,,,Implemented Microsoft Dynamics NAV (Food & Beverage manufacturer),smoking_gun_hunt,
Welch Foods,US,,,,,Grapes - Navision,theirstack_usa_batch1,
Workrite Ergonomics,US,,,,,Manufacturing - Navision,theirstack_global_batch2,
Yoplait,US,,,,,Yogurt - Dynamics NAV,theirstack_usa_batch1,
Aptean,United States,,,,,Listed on TheirStack as Microsoft Dynamics NAV user,theirstack,
Cargo,United States,,,,,Listed on TheirStack as Microsoft Dynamics NAV user,theirstack,
E-business International Inc,United States,,,,,Listed on TheirStack as Microsoft Dynamics NAV user,theirstack,
Agrafresh,BE,,,,,TheirStack technology detection - 47 employees,TheirStack,
BESIX Unitec,BE,,,,,TheirStack technology detection - 344 employees,TheirStack,
Care BV,BE,,,,,TheirStack technology detection - 72 employees,TheirStack,
DIS AG,DE,,,,,TheirStack technology detection - 5000 employees,TheirStack,
Marley Spoon,DE,,,,,TheirStack technology detection - 1000 employees,TheirStack,
Modepark Röther,DE,,,,,TheirStack technology detection - 79 employees,TheirStack,
New Flag GmbH,DE,,,,,TheirStack technology detection - 215 employees,TheirStack,
TK Elevator,DE,,,,,TheirStack technology detection - 24000 employees,TheirStack,
Abakion,DK,https://theirstack.com/en/technology/navision/dk,,,,TheirStack verified,TheirStack,
Active BS,DK,https://theirstack.com/en/technology/navision/dk,,,,TheirStack verified,TheirStack,
AffaldPlus,DK,https://theirstack.com/en/technology/navision/dk,,,,TheirStack verified,TheirStack,
Aleris Danmark,DK,https://theirstack.com/en/technology/navision/dk,,,,TheirStack verified,TheirStack,
Aleris Danmark A/S,DK,https://theirstack.com/en/technology/navision/dk,,,,TheirStack verified,TheirStack,
Alfa Laval,DK,https://theirstack.com/en/technology/navision/dk,,,,TheirStack verified,TheirStack,
Apollo,DK,https://theirstack.com/en/technology/navision/dk,,,,TheirStack verified,TheirStack,
Aurion,DK,https://theirstack.com/en/technology/navision/dk,,,,TheirStack verified,TheirStack,
Aurion A/S,DK,https://theirstack.com/en/technology/navision/dk,,,,TheirStack verified,TheirStack,
BKI Foods,DK,https://theirstack.com/en/technology/navision/dk,,,,TheirStack verified,TheirStack,
Bisgaard Sko,DK,https://theirstack.com/en/technology/navision/dk,,,,TheirStack verified,TheirStack,
Blue Vision,DK,https://theirstack.com/en/technology/navision/dk,,,,TheirStack verified,TheirStack,
Bramidan,DK,https://theirstack.com/en/technology/navision/dk,,,,TheirStack verified,TheirStack,
Bunker Holding,DK,https://theirstack.com/en/technology/navision/dk,,,,TheirStack verified,TheirStack,
BusinessGo,DK,https://theirstack.com/en/technology/navision/dk,,,,TheirStack verified,TheirStack,
Carl Christensen,DK,https://theirstack.com/en/technology/navision/dk,,,,TheirStack verified,TheirStack,
Columbus Global,DK,https://theirstack.com/en/technology/navision/dk,,,,TheirStack verified,TheirStack,
Connectify,DK,https://theirstack.com/en/technology/navision/dk,,,,TheirStack verified,TheirStack,
Consortio,DK,https://theirstack.com/en/technology/navision/dk,,,,TheirStack verified,TheirStack,
Danish Crown,DK,https://theirstack.com/en/technology/navision/dk,,,,TheirStack verified,TheirStack,
Dansk Aktionærforening,DK,https://theirstack.com/en/technology/navision/dk,,,,TheirStack verified,TheirStack,
Danæg,DK,https://theirstack.com/en/technology/navision/dk,,,,TheirStack verified,TheirStack,
Datapro,DK,https://theirstack.com/en/technology/navision/dk,,,,TheirStack verified,TheirStack,
Demant A/S,DK,https://theirstack.com/en/technology/navision/dk,,,,TheirStack verified,TheirStack,
EY (Ernst & Young),DK,https://theirstack.com/en/technology/navision/dk,,,,TheirStack verified,TheirStack,
EY Danmark,DK,https://theirstack.com/en/technology/navision/dk,,,,TheirStack verified,TheirStack,
Edlund,DK,https://theirstack.com/en/technology/navision/dk,,,,TheirStack verified,TheirStack,
Falck A/S,DK,https://theirstack.com/en/technology/navision/dk,,,,TheirStack verified,TheirStack,
GALST Advokater,DK,https://theirstack.com/en/technology/navision/dk,,,,TheirStack verified,TheirStack,
GN Store Nord,DK,https://theirstack.com/en/technology/navision/dk,,,,TheirStack verified,TheirStack,
GeoInfo,DK,https://theirstack.com/en/technology/navision/dk,,,,TheirStack verified,TheirStack,
Georg Jensen Damask,DK,https://theirstack.com/en/technology/navision/dk,,,,TheirStack verified,TheirStack,
Hummel,DK,https://theirstack.com/en/technology/navision/dk,,,,TheirStack verified,TheirStack,
Inventio,DK,https://theirstack.com/en/technology/navision/dk,,,,TheirStack verified,TheirStack,
KeyBalance,DK,https://theirstack.com/en/technology/navision/dk,,,,TheirStack verified,TheirStack,
Kredsløb,DK,https://theirstack.com/en/technology/navision/dk,,,,TheirStack verified,TheirStack,
LE34,DK,https://theirstack.com/en/technology/navision/dk,,,,TheirStack verified,TheirStack,
Logos Consult,DK,https://theirstack.com/en/technology/navision/dk,,,,TheirStack verified,TheirStack,
NAV-Vision,DK,https://theirstack.com/en/technology/navision/dk,,,,TheirStack verified,TheirStack,
NORRIQ,DK,https://theirstack.com/en/technology/navision/dk,,,,TheirStack verified,TheirStack,
NavKonsulent,DK,https://theirstack.com/en/technology/navision/dk,,,,TheirStack verified,TheirStack,
Nel Hydrogen,DK,https://theirstack.com/en/technology/navision/dk,,,,TheirStack verified,TheirStack,
Nivaagaard,DK,https://theirstack.com/en/technology/navision/dk,,,,TheirStack verified,TheirStack,
Nivaagaards Malerisamling,DK,https://theirstack.com/en/technology/navision/dk,,,,TheirStack verified,TheirStack,
Norlund Savværk,DK,https://theirstack.com/en/technology/navision/dk,,,,TheirStack verified,TheirStack,
Obtain A/S,DK,https://theirstack.com/en/technology/navision/dk,,,,TheirStack verified,TheirStack,
PROINFO,DK,https://theirstack.com/en/technology/navision/dk,,,,TheirStack verified,TheirStack,
Per Aarsleff,DK,https://theirstack.com/en/technology/navision/dk,,,,TheirStack verified,TheirStack,
Profacto,DK,https://theirstack.com/en/technology/navision/dk,,,,TheirStack verified,TheirStack,
Randstad,DK,https://theirstack.com/en/technology/navision/dk,,,,TheirStack verified,TheirStack,
Skallerup Seaside,DK,https://theirstack.com/en/technology/navision/dk,,,,TheirStack verified,TheirStack,
Skallerup Seaside Resort,DK,https://theirstack.com/en/technology/navision/dk,,,,TheirStack verified,TheirStack,
Skanderby,DK,https://theirstack.com/en/technology/navision/dk,,,,TheirStack verified,TheirStack,
Tefcold,DK,https://theirstack.com/en/technology/navision/dk,,,,TheirStack verified,TheirStack,
Tetra Pak,DK,https://theirstack.com/en/technology/navision/dk,,,,TheirStack verified,TheirStack,
TetraSoft,DK,https://theirstack.com/en/technology/navision/dk,,,,TheirStack verified,TheirStack,
Ulandssekretariatet,DK,https://theirstack.com/en/technology/navision/dk,,,,TheirStack verified,TheirStack,
Vejen Forsyning,DK,https://theirstack.com/en/technology/navision/dk,,,,TheirStack verified,TheirStack,
Vektus,DK,https://theirstack.com/en/technology/navision/dk,,,,TheirStack verified,TheirStack,
Wipro,DK,https://theirstack.com/en/technology/navision/dk,,,,TheirStack verified,TheirStack,
Delipap,FI,,,,,TheirStack technology detection - 40 employees,TheirStack,
Greenstep,FI,,,,,TheirStack technology detection - 723 employees,TheirStack,
Innofactor,FI,,,,,TheirStack technology detection - 531 employees,TheirStack,
Rovio,FI,,,,,TheirStack technology detection - 610 employees,TheirStack,
Teleste,FI,,,,,TheirStack technology detection - 526 employees,TheirStack,
Tietoevry,FI,,,,,TheirStack technology detection - 15000 employees,TheirStack,
Burgess Farms,GB,,,,,TheirStack technology detection - 501 employees,TheirStack,
CDW UK,GB,,,,,TheirStack technology detection - 1300 employees,TheirStack,
EnerMech,GB,,,,,TheirStack technology detection - 2900 employees,TheirStack,
HSBC,GB,,,,,TheirStack technology detection - 195000 employees,TheirStack,
Highlite,GB,,,,,TheirStack technology detection - 8 employees,TheirStack,
JTC Group,GB,,,,,TheirStack technology detection - 2000 employees,TheirStack,
Rentokil Initial,GB,,,,,TheirStack technology detection - 12000 employees,TheirStack,
Selby Jennings,GB,,,,,TheirStack technology detection - 994 employees,TheirStack,
Bolder Group,NL,,,,,TheirStack technology detection - 423 employees,TheirStack,
Feadship - Royal Dutch Shipyards,NL,,,,,TheirStack technology detection - 1000 employees,TheirStack,
IKEA,NL,,,,,TheirStack technology detection - 94000 employees,TheirStack,
Meraki,NL,,,,,TheirStack technology detection - 2 employees,TheirStack,
The HEINEKEN Company,NL,,,,,TheirStack technology detection - 43000 employees,TheirStack,
Akershus Universitetssykehus,NO,,,,,TheirStack technology detection - 9500 employees,TheirStack,
Bergen Kommune,NO,,,,,TheirStack technology detection - 16000 employees,TheirStack,
Helse Sør-Øst RHF,NO,,,,,TheirStack technology detection - 23000 employees,TheirStack,
Kirkens Bymisjon,NO,,,,,TheirStack technology detection - 888 employees,TheirStack,
Kristiansand kommune,NO,,,,,TheirStack technology detection - 2200 employees,TheirStack,
Nav Oslo,NO,,,,,TheirStack technology detection - 212 employees,TheirStack,
Oslo kommune,NO,,,,,TheirStack technology detection - 7500 employees,TheirStack,
Tysvær kommune,NO,,,,,TheirStack technology detection - 255 employees,TheirStack,
Universitetssykehuset Nord-Norge,NO,,,,,TheirStack technology detection - 839 employees,TheirStack,
Hedin IT,SE,,,,,TheirStack technology detection -  employees,TheirStack,
Sidec,SE,,,,,TheirStack technology detection - 93 employees,TheirStack,
Witre Manutan Sverige,SE,,,,,TheirStack technology detection - 64 employees,TheirStack,
Avanade,US,,,,,TheirStack technology detection - 19000 employees,TheirStack,
Citi,US,,,,,TheirStack technology detection - 200000 employees,TheirStack,
JPMorgan Chase,US,,,,,TheirStack technology detection - 244000 employees,TheirStack,
Morgan Stanley,US,,,,,TheirStack technology detection - 96000 employees,TheirStack,
State Street,US,,,,,TheirStack technology detection - 46000 employees,TheirStack,
