Company,Country,Website,Evidence,Source,Priority
Ensure IT,DK,ensureit.dk,"Case study: ENSURE IT | Dynamics NAV konsulenthus, konvertering &opgradering…",global_jobs,HOT - Support Expired
Logosconsult,DK,logosconsult.dk,Case study: OpgraderingNavision- Læs omopgraderingtil nyt Dynamics ERP,global_jobs,HOT - Support Expired
The perfect time to switch to SA,NL,logres.nl,Case study: EndingNavision: The perfect time to switch to SAP Business One,global_jobs,HOT - Support Expired
AVN Gruppen slipper for ERP-opgraderinger nu,DK,,,abakion,HOT - Support Expired
Logres Nl,NL,logres.nl,Case study: EndingNavision: The perfect time to switch to SAP Business One,global_jobs,HOT - Support Expired
Visionpeople Dk,DK,visionpeople.dk,Case study: Opgraderingtil ny version af NAV – Få alle fordelene,global_jobs,HOT - Support Expired
OpgraderingafNavisionStat,DK,oes.dk,Case study: OpgraderingafNavisionStat - oes.dk,global_jobs,HOT - Support Expired
Hvad du skal vide omopgraderingaf Dynamics NAV til ...,DK,dk.linkedin.com,Case study: Hvad du skal vide omopgraderingaf Dynamics NAV til ... - LinkedIn,global_jobs,HOT - Support Expired
Visionpeople,DK,visionpeople.dk,Case study: Opgraderingtil ny version af NAV – Få alle fordelene,global_jobs,HOT - Support Expired
Opgraderingtil cloud,DK,efsolutions.dk,Case study: Opgraderingtil cloud - efsolutions.dk,global_jobs,HOT - Support Expired
Opgraderingaf Dynamics NAV,DK,visiondata.dk,Case study: Opgraderingaf Dynamics NAV - visiondata.dk,global_jobs,HOT - Support Expired
